ssa_office_code,ssa_office_name,address2,address1,city,state,zipcode,tel_public
1,PORTLAND ME,FLOOR 2,1355 CONGRESS ST,PORTLAND,ME,04102,(877) 319-3076
2,BANGOR ME,ROOM 10307,202 HARLOW ST,BANGOR,ME,04401,(877) 405-1448
3,AUGUSTA ME,SUITE 4,330 CIVIC CENTER DR,AUGUSTA,ME,04330,(866) 882-5422
4,AUBURN ME,SUITE 5,600 TURNER STREET,AUBURN,ME,04210,(833) 388-6432
5,PRESQUE ISLE ME,,365 MAIN ST,PRESQUE ISLE,ME,04769,(866) 837-2719
6,ROCKLAND ME,,169 CAMDEN ST,ROCKLAND,ME,04841,(855) 269-9179
7,MEADVILLE PA,,19063 PARK AVE PLAZA,MEADVILLE,PA,16335,(888) 347-9276
9,PHILA SOUTH PA,STADIUM PLAZA,3336 S BROAD STREET,PHILADELPHIA,PA,19145,(877) 575-5191
10,CONCORD NH,STE 100,70 COMMERCIAL ST,CONCORD,NH,03301,(888) 397-9798
11,PORTSMOUTH NH,ROOM 210A,80 DANIEL ST,PORTSMOUTH,NH,03801,(888) 397-9796
12,MANCHESTER NH,SUITE 201,1100 ELM ST,MANCHESTER,NH,03101,(866) 814-5408
13,LITTLETON NH,,177 MAIN ST,LITTLETON,NH,03561,(877) 405-7658
14,NASHUA NH,SUITE 2,175 AMHERST ST,NASHUA,NH,03064,(877) 444-0134
15,KEENE NH,,9 ELM STREET,KEENE,NH,03431,(877) 405-3651
19,BALTO NE MD,STE 106,2401 BELAIR RD,BALTIMORE,MD,21213,(866) 336-9653
20,BALTO WEST MD,SUITE S,1531 S EDGEWOOD STREET,BALTIMORE,MD,21227,(877) 870-6381
22,BURLINGTON VT,SUITE 107,128 LAKESIDE AVE,BURLINGTON,VT,05401,(877) 840-5776
23,RUTLAND VT,,246 WEST ST,RUTLAND,VT,05701,(866) 690-1944
24,MONTPELIER VT,,33 SCHOOL ST,MONTPELIER,VT,05602,(877) 505-4542
25,PAGO PAGO AM SAMOA,CENTENNIAL BUILDING,3RD FLR SUITE 302,PAGO PAGO,AS,96799,(855) 602-5033
26,CRENSHAW CA,,3840 CRENSHAW BLVD,LOS ANGELES,CA,90008,(877) 531-4693
27,SAN FERNANDO CA,,456 S F MISSION BLVD,SAN FERNANDO,CA,91340,(888) 383-1599
28,EAST OAKLAND CA,EASTMONT TOWN CENTER,7200 BANCROFT AVENUE,OAKLAND,CA,94605,(888) 527-9329
30,BOSTON MA,ROOM 148,10 CAUSEWAY STREET,BOSTON,MA,02222,(866) 964-7311
31,SPRINGFIELD MA,,70 BOND STREET,SPRINGFIELD,MA,01104,(866) 964-5061
32,CAMBRIDGE MA,FIRST FLR,10 FAWCETT ST,CAMBRIDGE,MA,02138,(888) 527-9340
33,ROXBURY MA,,10 MALCOLM X BLVD,ROXBURY,MA,02119,(855) 278-4195
34,LYNN MA,,140 UNION STREET,LYNN,MA,01901,(866) 366-7792
35,LOWELL MA,STE 300,151 WARREN ST,LOWELL,MA,01852,(877) 746-9850
36,WORCESTER MA,MADISON PLACE,51 MYRTLE ST,WORCESTER,MA,01608,(866) 331-9069
37,PITTSFIELD MA,FEDERAL BLDG SUITE 101,78 CENTER ST,PITTSFIELD,MA,01201,(866) 446-7111
38,NEW BEDFORD MA,HASTINGS KEITH FED BLD,53 NORTH 6TH STREET,NEW BEDFORD,MA,02740,(866) 964-7413
39,BROCKTON MA,,30 CHRISTY DR,BROCKTON,MA,02301,(888) 717-1524
40,FITCHBURG MA,PHILBIN FED BLDG,881 MAIN ST 1ST FLOOR,FITCHBURG,MA,01420,(877) 319-0728
41,LAWRENCE MA,SUITE 106A,439 S UNION ST,LAWRENCE,MA,01843,(877) 669-3127
42,FALL RIVER MA,,400 NORTH MAIN STREET,FALL RIVER,MA,02720,(866) 964-3967
44,HOLYOKE MA,2ND FLOOR,200 HIGH STREET,HOLYOKE,MA,01040,(877) 480-4989
45,MALDEN MA,,192 COMMERCIAL ST,MALDEN,MA,02148,(866) 596-8598
46,SALEM MA,SUITE 101,35 CONGRESS ST,SALEM,MA,01970,(866) 248-2394
47,QUINCY MA,SUITE 305,1515 HANCOCK ST,QUINCY,MA,02169,(866) 593-4392
48,DORCHESTER MA,,115 FREEPORT ST,DORCHESTER,MA,02122,(866) 931-2550
49,ATTLEBORO MA,,106 PLEASANT ST,ATTLEBORO,MA,02703,(888) 655-6469
50,HAVERHILL MA,,367 MAIN ST,HAVERHILL,MA,01830,(866) 964-4324
51,WALTHAM MA,SUITE 120,135 BEAVER STREET,WALTHAM,MA,02452,(877) 457-1737
52,NORWOOD MA,SUITE 102,ONE EDGEWATER DRIVE,NORWOOD,MA,02062,(866) 563-9533
53,FRAMINGHAM MA,SUITE 101,ONE CLARKS HILL,FRAMINGHAM,MA,01702,(844) 587-1390
54,HYANNIS MA,100 INDEPENDENCE DRIVE,SUITE 4,HYANNIS,MA,02601,(866) 467-0440
56,ROSLINDALE MA,,4238 WASHINGTON ST,ROSLINDALE,MA,02131,(866) 331-9173
57,TAUNTON MA,,104 DEAN ST,TAUNTON,MA,02780,(877) 505-4546
59,LANCASTER CA,42225 10TH ST W,STE A,LANCASTER,CA,93534,(866) 964-1725
60,MERCED CA,,600 WEST OLIVE AVE,MERCED,CA,95348,(888) 632-7069
61,SANTA CRUZ CA,,169 WALNUT AVENUE,SANTA CRUZ,CA,95060,(800) 593-8523
62,CHATSWORTH CA,,20439 NORDHOFF ST,CHATSWORTH,CA,91311,(855) 727-3598
63,MONTEBELLO CA,,2216 W BEVERLY BLVD,MONTEBELLO,CA,90640,(866) 964-7435
64,WATTS CA,,12429 AVALON BLVD,LOS ANGELES,CA,90061,(877) 836-1558
66,HAYWARD CA,SUITE 500,24301 SOUTHLAND DR,HAYWARD,CA,94545,(866) 964-5054
68,SANTA MARIA CA,,2436 PROFESSIONAL PARKWAY,SANTA MARIA,CA,93455,(866) 331-2316
70,PALM SPRINGS CA,,4201 E RAMON RD,PALM SPRINGS,CA,92264,(877) 873-9105
72,PROVIDENCE RI,6TH FLOOR,ONE EMPIRE PLAZA,PROVIDENCE,RI,02903,(877) 402-0808
73,WOONSOCKET RI,PAVILION PLAZA,2168 DIAMOND HILL ROAD,WOONSOCKET,RI,02895,(877) 229-3542
74,PAWTUCKET RI,,4 PLEASANT ST,PAWTUCKET,RI,02860,(866) 931-7079
75,WARWICK RI,FIRST FLOOR,30 QUAKER LANE,WARWICK,RI,02886,(866) 964-2038
80,HARTFORD CT,2ND FLOOR,960 MAIN ST,HARTFORD,CT,06103,(877) 619-2851
81,BRIDGEPORT CT,35 COURTLAND ST,2ND FLOOR,BRIDGEPORT,CT,06604,(866) 331-6399
82,WATERBURY CT,SUITE 1,51 NORTH ELM ST,WATERBURY,CT,06702,(877) 405-4874
83,WILLIMANTIC CT,STE 19,1320 MAIN ST,WILLIMANTIC,CT,06226,(877) 405-0488
84,NEW LONDON CT,RM 101,2 SHAWS COVE,NEW LONDON,CT,06320,(866) 643-3401
85,NEW HAVEN CT,GIAIMO FED BLDG 4TH FL,150 COURT ST,NEW HAVEN,CT,06510,(866) 331-5281
86,NEW BRITAIN CT,2ND FL,233 MAIN STREET,NEW BRITAIN,CT,06051,(866) 858-6086
87,STAMFORD CT,SUITE 105,2 LANDMARK SQUARE,STAMFORD,CT,06901,(866) 770-1881
88,MERIDEN CT,321 RESEARCH PARKWAY,SUITE 212,MERIDEN,CT,06450,(877) 409-8429
89,TORRINGTON CT,,147 LITCHFIELD STREET,TORRINGTON,CT,06790,(877) 405-0486
90,DANBURY CT,,131 WEST ST,DANBURY,CT,06810,(866) 275-7821
92,LITTLETON CO,,8000 SOUTHPARK LN,LITTLETON,CO,80120,(888) 824-4384
93,LAKEWOOD CO,,13151 W ALAMEDA PKWY,LAKEWOOD,CO,80228,(866) 563-9469
94,ABINGDON MD,3435A BOX HILL,CORPORATE CENTER DR,ABINGDON,MD,21009,(877) 701-2142
95,CAMBRIDGE MD,SUITE 500,828 AIRPAX ROAD,CAMBRIDGE,MD,21613,(888) 347-9277
96,ELKTON MD,,300 BIG ELK MALL,ELKTON,MD,21921,(866) 331-2218
97,CHILLICOTHE MO,INDUSTRIAL PK,1105 S MITCHELL AVE,CHILLICOTHE,MO,64601,(877) 405-7668
98,KANSAS CITY (GATEWAY),,2021 INDEPENDENCE AVE,KANSAS CITY,MO,64124,(888) 221-3612
99,ST LOUIS CEN WEST MO,,5669 DELMAR BLVD,ST LOUIS,MO,63112,(888) 810-7291
100,NY MIDTOWN NY,5TH FLOOR,237 W 48TH STREET,NEW YORK,NY,10036,(866) 964-0783
101,SYRACUSE NY,FED BLDG 4TH FLOOR,100 S CLINTON ST,SYRACUSE,NY,13261,(866) 755-4884
102,ALBANY NY,RM 430 FEDERAL BLDG,11 A CLINTON AVE,ALBANY,NY,12207,(866) 253-9183
103,BUFFALO NY,SUITE 100,186 EXCHANGE STREET,BUFFALO,NY,14204,(855) 881-0213
104,BINGHAMTON NY,SUITE 300,2 COURT STREET,BINGHAMTON,NY,13901,(866) 964-3971
105,SCHENECTADY NY,8TH FLOOR,ONE BROADWAY CENTER,SCHENECTADY,NY,12305,(866) 964-1296
106,BORO HALL NY,7TH FLOOR,195 MONTAGUE ST,BROOKLYN,NY,11201,(877) 531-4725
108,ROCHESTER NY,200 E. MAIN ST,2ND FLOOR,ROCHESTER,NY,14604,(866) 964-2045
109,NY DOWNTOWN NY,4TH FLOOR,123 WILLIAM ST,NEW YORK,NY,10038,(866) 335-1089
110,UTICA NY,FEDERAL BUILDING,10 BROAD STREET,UTICA,NY,13501,(877) 405-6750
111,JAMESTOWN NY,,321 HAZELTINE AVE,JAMESTOWN,NY,14701,(877) 319-3079
112,SOUTH BRONX NY,820 CONCOURSE VILLAGE,"WEST, 3RD FL",BRONX,NY,10451,(855) 531-1684
113,YONKERS NY,STE 1000,20 SOUTH BROADWAY,YONKERS,NY,10701,(866) 331-6404
114,HORSEHEADS NY,3345 CHAMBERS RD,SUITE 19,HORSEHEADS,NY,14845,(866) 964-1715
115,NIAGARA FALLS NY,,6540 NIAGARA FALLS BVD,NIAGARA FALLS,NY,14304,(877) 480-4992
116,OGDENSBURG NY,,101 FORD STREET,OGDENSBURG,NY,13669,(866) 572-8369
117,NY UPTOWN NY,302 WEST 126TH STREET,4TH FLOOR,NEW YORK,NY,10027,(866) 964-1301
118,NEWBURGH NY,SUITE 301,3 WASHINGTON CENTER,NEWBURGH,NY,12550,(866) 504-4801
119,REGO PARK NY,,6344 AUSTIN STREET,REGO PARK,NY,11374,(877) 255-1506
120,JAMAICA NY,3RD FL DISTRICT OFFICE,155-10 JAMAICA AVE,JAMAICA,NY,11432,(866) 592-0802
121,STATEN ISLAND NY,,2391 RICHMOND AVENUE,STATEN ISLAND,NY,10314,(866) 331-5288
122,GLOVERSVILLE NY,,13 N ARLINGTON AVE,GLOVERSVILLE,NY,12078,(888) 528-9446
123,OSWEGO NY,,17 FOURTH AVE,OSWEGO,NY,13126,(866) 964-7593
125,PLATTSBURGH NY,SUITE 230,14 DURKEE ST,PLATTSBURGH,NY,12901,(866) 964-7430
126,QUEENSBURY NY,SUITE 1,17 CRONIN RD,QUEENSBURY,NY,12804,(877) 405-4875
127,BROOKLYN FLATBUSH NY,,2250 NOSTRAND AVE,BROOKLYN,NY,11210,(866) 563-9461
128,NEW ROCHELLE NY,STREET LEVEL,85 HARRISON ST,NEW ROCHELLE,NY,10801,(855) 210-1026
129,WATERTOWN NY,,156 BELLEW AVE SOUTH,WATERTOWN,NY,13601,(866) 627-6995
130,TROY NY,SUITE 101,500 FEDERAL ST,TROY,NY,12180,(866) 770-2662
132,NORTH BRONX NY,2ND FLOOR,2501 GRAND CONCOURSE,BRONX,NY,10468,(877) 619-2852
133,POUGHKEEPSIE NY,,332 MAIN ST,POUGHKEEPSIE,NY,12601,(877) 405-6747
134,INWOOD HILL NY,,4941 BROADWAY,NEW YORK,NY,10034,(877) 445-0838
135,BROOKLYN BUSHWICK NY,THIRD FLOOR,785 FLUSHING AVE,BROOKLYN,NY,11206,(888) 327-1276
136,PATCHOGUE NY,,75 OAK STREET,PATCHOGUE,NY,11772,(866) 771-1991
137,BROOKLYN NEW UTRECHT,,7714 17 AVENUE,BROOKLYN,NY,11214,(866) 585-9320
138,MINEOLA NY,5TH FLOOR,211 STATION RD,MINEOLA,NY,11501,(866) 758-1318
139,CYPRESS HILLS,,3386 FULTON STREET,BROOKLYN,NY,11208,(866) 613-2767
140,CORNING NY,,200 NASSER CIVIC CTR,CORNING,NY,14830,(866) 591-3665
141,GENEVA NY,,15 LEWIS ST,GENEVA,NY,14456,(866) 331-7759
142,OLEAN NY,,1618 W STATE ST,OLEAN,NY,14760,(877) 319-5773
143,BATAVIA NY,,571 EAST MAIN STREET,BATAVIA,NY,14020,(866) 931-7103
144,MELVILLE NY,SUITE 201,1121 WALT WHITMAN RD,MELVILLE,NY,11747,(866) 964-0165
146,ONEONTA NY,SUITE 1,31 MAIN ST,ONEONTA,NY,13820,(877) 628-6581
147,EAST BRONX NY,2ND FLOOR,1380 PARKER STREET,BRONX,NY,10462,(866) 931-2526
148,WHITE PLAINS NY,SUITE 4A,297 KNOLLWOOD RD,WHITE PLAINS,NY,10607,(866) 331-8134
149,WEST NYACK NY,,240 WEST NYACK ROAD,WEST NYACK,NY,10994,(866) 755-4334
150,FLUSHING NY,,138-50 BARCLAY AVE,FLUSHING,NY,11355,(877) 457-1735
151,FREEPORT NY,,84 N. MAIN STREET,FREEPORT,NY,11520,(866) 964-0028
152,ITHACA NY,2ND FL,127 W STATE STREET,ITHACA,NY,14850,(866) 706-8289
153,HUDSON NY,,747 WARREN STREET,HUDSON,NY,12534,(877) 828-1691
154,MONTICELLO NY,SUITE 4,60 JEFFERSON ST,MONTICELLO,NY,12701,(855) 794-4728
156,NY EAST HARLEM NY,345 E 102 STREET,4TH FLOOR,NEW YORK,NY,10029,(877) 445-0836
158,BRONX HUNTS POINT NY,3RD FLOOR,1029 E 163RD STREET,BRONX,NY,10459,(866) 220-9777
160,BEDFORD HEIGHTS NY,,1540 FULTON STREET,BROOKLYN,NY,11216,(866) 592-4845
162,ROCKAWAY PARK NY,,11306 ROCKAWAY BCH BLVD,ROCKAWAY PARK,NY,11694,(866) 331-2310
163,RIVERHEAD NY,,526 EAST MAIN STREET,RIVERHEAD,NY,11901,(888) 397-9819
166,WAILUKU HI,SUITE 125,2200 MAIN STREET,WAILUKU,HI,96793,(855) 572-4863
167,KAPOLEI HI,,970 MANAWAI STREET,KAPOLEI,HI,96707,(855) 572-4866
168,GUAM,SUITE 155,770 EAST SUNSET BLVD,BARRIGADA,GU,96913,(855) 616-6393
170,NEWARK NJ,ROOM 1035,970 BROAD STREET,NEWARK,NJ,07102,(877) 255-1507
171,TRENTON NJ,ROEBLING MARKET,635 S CLINTON AVE,TRENTON,NJ,08611,(866) 964-0026
172,CHERRY HILL NJ,6 EXECUTIVE CAMPUS,SUITE 200,CHERRY HILL,NJ,08002,(866) 931-2879
173,PATERSON NJ,FIRST FLOOR,200 FEDERAL PLZ,PATERSON,NJ,07505,(888) 397-9806
174,UNION TOWNSHIP NJ,,855 LEHIGH AVE,UNION,NJ,07083,(877) 803-6306
175,WOODBRIDGE NJ,3RD FLOOR,190 MIDDLESEX TRNPIKE,ISELIN,NJ,08830,(877) 600-2852
176,JERSEY CITY NJ,,325 WEST SIDE AVENUE,JERSEY CITY,NJ,07305,(877) 405-2884
177,CLIFTON NJ,,935 ALLWOOD RD,CLIFTON,NJ,07012,(866) 964-0170
178,EGG HARBOR TWP NJ,,1350 DOUGHTY RD,EGG HARBOR TWP,NJ,08234,(877) 714-0394
179,LACONIA AVENUE,,3247 LACONIA AVE,BRONX,NY,10469,(866) 347-0054
180,BRIDGETON NJ,,149 WEST BROAD STREET,BRIDGETON,NJ,08302,(866) 837-1235
181,NEPTUNE,,3310 STATE ROUTE 66,NEPTUNE,NJ,07753,(877) 405-0475
182,HACKENSACK NJ,CONTINENTAL PLZ 2FL,401 HACKENSACK AVE,HACKENSACK,NJ,07601,(866) 964-4680
184,EAST ORANGE NJ,,7 GLENWOOD AVE STE 100,EAST ORANGE,NJ,07017,(866) 964-0030
186,PARSIPPANY NJ,2ND FLOOR,2200 STATE RT 10,PARSIPPANY,NJ,07054,(866) 331-7131
187,NEW BRUNSWICK NJ,SUITE 200,550 JERSEY AVENUE,NEW BRUNSWICK,NJ,08901,(877) 803-6313
188,SPRINGFIELD AVE NJ,,274 SPRINGFIELD AVE,NEWARK,NJ,07103,(877) 402-0821
190,BELLEVUE WA,SUITE 100,636 120TH AVE NE,BELLEVUE,WA,98005,(866) 574-2323
191,KENT WA,SUITE 401,321 RAMSAY WAY,KENT,WA,98032,(866) 931-7671
192,BLOOMSBURG PA,,700 MARKET ST,BLOOMSBURG,PA,17815,(866) 526-9847
194,PHILA ARAMINGO PA,IMPERIAL PLAZA,3400 ARAMINGO AVE,PHILADELPHIA,PA,19134,(855) 248-0233
195,COLUMBIA MD,OFFICE IS TEMPORARILY CLOSED,"LAKESIDE BLDG, STE 110",COLUMBIA,MD,21045,(877) 445-0504
196,BALTO ROSSVILLE MD,SUITE 100,6820 HOSPITAL DR,BALTIMORE,MD,21237,(866) 348-5818
197,OWINGS MILLS MD,SUITE 100,5 PARK CENTER COURT,OWINGS MILLS,MD,21117,(866) 681-1412
198,TOA ALTA PR,PLAZA LOS PALACIOS,PR #167 KM 14.6 BO ORTIZ,TOA ALTA,PR,00953,(866) 401-2598
199,BALTIMORE WABASH MD,BALTIMORE WABASH,6100A WABASH AVENUE,BALTIMORE,MD,21215,(866) 708-3210
200,PHILA-DOWNTOWN,2 PENN CTR STE 2000A,1500 JFK BLVD 20TH FL,PHILADELPHIA,PA,19102,(866) 613-3969
201,PITTS DT PA,,921 PENN AVE,PITTSBURGH,PA,15222,(866) 770-2965
202,SCRANTON PA,OPPENHEIM BLDG 1ST FLR,409 LACKAWANNA AVENUE,SCRANTON,PA,18503,(866) 635-0767
203,READING PA,STE 200,201 PENN ST,READING,PA,19601,(866) 274-5960
204,HARRISBURG PA,SUITE 810,555 WALNUT STREET,HARRISBURG,PA,17101,(888) 327-1176
205,ERIE PA,HIGHMARK BLDG STE 500,717 STATE ST,ERIE,PA,16501,(877) 405-2887
206,HAZLETON PA,,88 S LAUREL ST,HAZLETON,PA,18201,(866) 388-9878
207,ALTOONA PA,,303 CAYUGA AVE,ALTOONA,PA,16602,(888) 245-5368
208,LANCASTER PA,1808 COLONIAL VILLAGE LN,SUITE 101,LANCASTER,PA,17601,(888) 384-9919
209,ALLENTOWN PA,,41 N 4TH ST,ALLENTOWN,PA,18102,(877) 405-6746
210,NEW CASTLE PA,,1708 WILMINGTON RD,NEW CASTLE,PA,16105,(866) 331-5286
211,CRANBERRY PA,,80 REGINA DR,CRANBERRY,PA,16319,(888) 848-6464
212,UNIONTOWN PA,627 PITTSBURGH ROAD,FAYETTE PLAZA,UNIONTOWN,PA,15401,(866) 320-7459
213,WILKES-BARRE PA,"STEGMAIER BLDG, ST 102",7 N WILKES BARRE BLVD,WILKES BARRE,PA,18702,(866) 686-9505
214,JOHNSTOWN PA,SUITE 225,334 WASHINGTON ST,JOHNSTOWN,PA,15901,(866) 331-7128
215,WILLIAMSPORT PA,SUITE 100,240 WEST 3RD ST,WILLIAMSPORT,PA,17701,(866) 558-2572
216,YORK PA,SUITE 2,2670 INDUSTRIAL HWY,YORK,PA,17402,(888) 329-5732
217,CHESTER PA,,807 CROSBY STREET,CHESTER,PA,19013,(866) 398-1456
218,PHILA GERMANTOWN PA,,701 EAST CHELTEN AVE,PHILADELPHIA,PA,19144,(866) 495-0255
219,PHILA NORTHEAST PA,,9300 ASHTON RD,PHILADELPHIA,PA,19114,(866) 331-7840
220,POTTSVILLE PA,SUITE 200,2221 W MARKET STREET,POTTSVILLE,PA,17901,(866) 269-0880
221,MCKEESPORT PA,,540 5TH AVE,MCKEESPORT,PA,15132,(866) 964-2037
222,AMBRIDGE PA,,350 LOGAN LN,BADEN,PA,15005,(866) 331-6401
223,GREENSBURG PA,,122 W 3RD STREET,GREENSBURG,PA,15601,(877) 748-9768
225,NEW KENSINGTON,,707 5TH AVE,NEW KENSINGTON,PA,15068,(888) 377-4710
226,WASHINGTON PA,SUITE 515,95 W BEAU ST,WASHINGTON,PA,15301,(855) 829-8917
227,NORRISTOWN PA,1700 MARKLEY STREET,SUITE 120,NORRISTOWN,PA,19401,(866) 964-6305
228,DU BOIS PA,,302 LIBERTY BLVD,DUBOIS,PA,15801,(888) 491-1884
229,EASTON PA,,134 S FOURTH ST,EASTON,PA,18042,(866) 964-5056
230,PHILA UNIVERSITY CITY,,4240 MARKET STREET,PHILADELPHIA,PA,19104,(877) 445-9977
231,PITTS EAST LIBERTY PA,,6117 STATION ST,PITTSBURGH,PA,15206,(877) 405-3575
232,SHARON PA,,2380 GARDEN WAY,HERMITAGE,PA,16148,(877) 467-1702
233,SELINSGROVE PA,,150 SUSQ VLY MALL DR,SELINSGROVE,PA,17870,(866) 593-3796
234,FAIRLESS HILLS PA,,444 LINCOLN HWY,FAIRLESS HILLS,PA,19030,(866) 964-7318
235,CHAMBERSBURG PA,,50 N THIRD STREET,CHAMBERSBURG,PA,17201,(866) 656-5367
236,STATE COLLEGE PA,SUITE 2,901 UNIVERSITY DR,STATE COLLEGE,PA,16801,(866) 864-1516
237,WEST CHESTER PA,,1101 WEST CHESTER PIKE,WEST CHESTER,PA,19382,(888) 306-3216
238,INDIANA PA,SUITE 310 PROF CENTER,1265 WAYNE AVE,INDIANA,PA,15701,(877) 405-7679
239,BUTLER PA,,102 WOODY DR,BUTLER,PA,16001,(877) 583-4102
240,LEBANON PA,,924 RUSSELL DRIVE,LEBANON,PA,17042,(866) 716-9635
241,ROSTRAVER PA,SUITE 320,800 PLAZA DR,ROSTRAVER TWP,PA,15012,(866) 931-4826
243,UPPER DARBY PA,,8645 WEST CHESTER PIKE,UPPER DARBY,PA,19082,(866) 964-0780
244,LUDINGTON MI,,150 N JEBAVY DR,LUDINGTON,MI,49431,(866) 495-0075
245,PHILA-NICETOWN,,2929 NORTH BROAD ST,PHILADELPHIA,PA,19132,(877) 319-0727
246,WEST BRANCH MI,,2938 HANSEN RD,WEST BRANCH,MI,48661,(877) 897-0602
248,WALNUT CREEK CA,SUITE 180,1111 CIVIC DRIVE,WALNUT CREEK,CA,94596,(877) 319-6042
249,ANAHEIM CA,,900 S HARBOR BLVD,ANAHEIM,CA,92805,(866) 657-3133
250,EL CAJON CA,,846 ARNELE AVE,EL CAJON,CA,92020,(866) 964-0012
251,RIVERSIDE CA,7880 MISSION GROVE,PARKWAY SOUTH,RIVERSIDE,CA,92508,(866) 931-4495
252,SF CHINATOWN CA,,560 KEARNY STREET,SAN FRANCISCO,CA,94108,(877) 319-3070
253,UNIVERSITY VILLAGE CA,STE 200,1122 W WASHINGTON BLVD,LOS ANGELES,CA,90015,(866) 964-7401
255,LAKE CITY FL,,1348 SW BASCOM NORRIS,LAKE CITY,FL,32025,(877) 600-2859
256,PORT ST LUCIE FL,,6810 S US HWY 1,PORT ST LUCIE,FL,34952,(866) 366-1627
257,CLEARWATER FL,,2340 DREW STREET,CLEARWATER,FL,33765,(888) 397-5325
258,LEESBURG FL,SUITE 100,900 N 14TH STREET,LEESBURG,FL,34748,(866) 836-3623
259,DELAND FL,,1629 S ADELLE AVE,DELAND,FL,32720,(866) 964-7396
260,SOUTH BROWARD FL,,12249 PEMBROKE RD,PEMBROKE PINES,FL,33025,(866) 613-3962
261,PERRINE FL,,11100 SW 211 STREET,MIAMI,FL,33189,(866) 964-6593
262,HIALEAH FL,,6500 W 21 COURT,HIALEAH,FL,33016,(866) 269-4250
263,JACKSONVILLE NORTH FL,,1685 DUNN AVE,JACKSONVILLE,FL,32218,(866) 635-0789
264,ALLAPATTAH FL,GROUND FLOOR,1251 NW 36TH STREET,MIAMI,FL,33142,(877) 405-0469
265,BRADENTON FL,SUITE 100,5540 SR 64 EAST,BRADENTON,FL,34208,(877) 803-6316
266,EAST HILLSBOROUGH FL,,2027 S PARSONS AVE,SEFFNER,FL,33584,(866) 593-8721
267,WILMINGTON DE,SUITE 200,920 W BASIN ROAD,NEW CASTLE,DE,19720,(866) 667-7221
268,DOVER DE,655 S BAY RD,SUITE 3J,DOVER,DE,19901,(877) 701-2141
269,LAKE MARY FL,101 COMMERCE ST,SUITE 2001,LAKE MARY,FL,32746,(866) 964-7379
270,DC DOWNTOWN,,1300 D ST SW,WASHINGTON,DC,20024,(866) 708-3255
271,SAN JUAN PR,URB CARIBE,MONACILLOS BLDG 4TH FLOOR,SAN JUAN,PR,00926,(866) 270-0406
272,PONCE PR,,2190 PONCE BY-PASS,PONCE,PR,00716,(866) 328-1254
273,BALTIMORE DTN MD,SUITE 200,1010 PARK AVE,BALTIMORE,MD,21201,(866) 931-9942
274,SALISBURY MD,SUITE 1,2414 NORTHGATE DR,SALISBURY,MD,21801,(866) 273-5083
275,CUMBERLAND MD,SUITE 100,217 GLENN ST,CUMBERLAND,MD,21502,(866) 964-7409
276,HAGERSTOWN MD,SUITE 100,1710 UNDERPASS WAY,HAGERSTOWN,MD,21740,(866) 331-7125
277,ANNAPOLIS MD,SUITE 114,185 HARRY S TRUMAN PARKWAY,ANNAPOLIS,MD,21401,(888) 840-0684
278,TOWSON MD,4TH FLOOR,28 ALLEGHENY AVENUE,TOWSON,MD,21204,(866) 614-4758
279,MAYAGUEZ PR,OFFICE PK II BLDG,357 HOSTOS AVE,MAYAGUEZ,PR,00680,(855) 620-5726
280,ARECIBO PR,,880 ISAAC CRUZ STGO ST,ARECIBO,PR,00612,(866) 754-3541
281,CAGUAS PR,GATSBY BLDG SUITE 328,30 PADIAL ST,CAGUAS,PR,00725,(833) 882-1200
282,SILVER SPRING MD,SUITE 304,10230 NEW HAMPSHIRE AV,SILVER SPRING,MD,20903,(877) 512-3848
283,GLEN BURNIE MD,SUITE 1A,337 HOSPITAL DR,GLEN BURNIE,MD,21061,(866) 528-9873
284,ST THOMAS VI,1ST FL SUITE 14,8000 NISKY SHOPPING CT,ST THOMAS,VI,00802,(866) 876-1799
285,RICHMOND DTN VA,,1834 WEST CARY STREET,RICHMOND,VA,23220,(866) 679-6684
286,ROANOKE VA,SUITE 100,612 S JEFFERSON STREET,ROANOKE,VA,24011,(866) 701-8179
287,NORFOLK VA,FIRST FLOOR,5850 LAKE HERBERT DR,NORFOLK,VA,23502,(866) 858-6089
288,BRISTOL VA,,2484 LEE HIGHWAY,BRISTOL,VA,24202,(866) 504-5013
289,LYNCHBURG VA,,7618 TIMBERLAKE RD,LYNCHBURG,VA,24502,(866) 964-6142
290,STAUNTON VA,GRNBRIER OFF PK BLDG 2,1600 N COALTER ST,STAUNTON,VA,24401,(888) 632-6896
291,PETERSBURG VA,,100 POPLAR DRIVE,PETERSBURG,VA,23805,(877) 803-6322
292,DANVILLE VA,,3295 US HWY 29,DANVILLE,VA,24540,(866) 331-5398
293,NEWPORT NEWS VA,,11706 JEFFERSON AVENUE,NEWPORT NEWS,VA,23606,(866) 331-9169
294,ALEXANDRIA VA,PLAZA 500 SUITE 190,6295 EDSALL ROAD,ALEXANDRIA,VA,22312,(888) 472-2402
295,WINCHESTER VA,,323 HOPE DRIVE,WINCHESTER,VA,22601,(866) 331-2320
296,COVINGTON VA,,1010 S CRAIG AVENUE,COVINGTON,VA,24426,(888) 527-9334
297,CHARLOTTESVILLE,DISTRICT OFFICE,1470 PANTOPS MTN PL,CHARLOTTESVILLE,VA,22911,(866) 613-3959
298,WYTHEVILLE VA,,130 WITHERS LANE,WYTHEVILLE,VA,24382,(888) 632-6893
299,WISE VA,,253 RIDGEVIEW ROAD SW,WISE,VA,24293,(877) 405-7843
300,RICHMOND EAST VA,,245 E. WILLIAMSBURG RD,SANDSTON,VA,23150,(866) 218-2307
301,FARMVILLE VA,,324 COMMERCE ROAD,FARMVILLE,VA,23901,(866) 269-4346
302,PORTSMOUTH VA,,3305 AIRLINE BLVD,PORTSMOUTH,VA,23701,(866) 593-8851
303,SUFFOLK VA,,502 HILLPOINT BLVD,SUFFOLK,VA,23434,(866) 835-7769
304,SOUTH BOSTON VA,,2049 HAMILTON BLVD,SOUTH BOSTON,VA,24592,(888) 327-1407
305,CHARLESTON WV,SUITE 300,500 QUARRIER STREET,CHARLESTON,WV,25301,(888) 527-9305
306,WHEELING WV,,123 16TH STREET,WHEELING,WV,26003,(877) 480-5001
307,PARKERSBURG WV,SUITE 4301,425 JULIANA STREET,PARKERSBURG,WV,26101,(866) 574-2533
308,HUNTINGTON WV,301 9TH STREET,3RD FLOOR,HUNTINGTON,WV,25701,(866) 931-7078
309,CLARKSBURG WV,CLARKSBURG FEDERAL CTR,320 W PIKE ST,CLARKSBURG,WV,26301,(866) 783-7305
310,ELKINS WV,SUITE 325,300 THIRD STREET,ELKINS,WV,26241,(877) 828-1693
311,BLUEFIELD WV,,3014 E CUMBERLAND ROAD,BLUEFIELD,WV,24701,(888) 475-0295
312,MORGANTOWN WV,SUITE 100,3596 COLLINS FERRY RD,MORGANTOWN,WV,26505,(866) 770-2055
313,BECKLEY WV,SUITE A-8,5475 ROBERT C. BYRD DR,MOUNT HOPE,WV,25880,(866) 964-2042
314,LOGAN WV,,1103 GEORGE KOSTAS DR,LOGAN,WV,25601,(877) 405-1455
315,WELCH WV,,50 MCDOWELL STREET,WELCH,WV,24801,(866) 273-0399
316,MARTINSBURG WV,,14 COMPASS PT,MARTINSBURG,WV,25404,(866) 416-1919
317,FAIRMONT WV,MIDDLETOWN MALL,9039 MIDDLETOWN MALL,FAIRMONT,WV,26554,(877) 405-7674
318,FAIRFAX VA,SUITE 105,11212 WAPLES MILL RD,FAIRFAX,VA,22030,(866) 829-3158
320,CHARLOTTE NC,SUITE 100,2201 CORONATION BLVD.,CHARLOTTE,NC,28227,(888) 383-1598
321,SALISBURY NC,,1840 JAKE ALEXNDR BL W,SALISBURY,NC,28147,(877) 405-3157
322,RALEIGH NC,,4701 OLD WAKE FOREST RD,RALEIGH,NC,27609,(877) 803-6311
323,ASHEVILLE NC,,800 CENTRE PARK DRIVE,ASHEVILLE,NC,28805,(866) 572-8361
324,WINSTON SALEM NC,,1370 LOCKLAND AVE,WINSTON SALEM,NC,27103,(877) 402-0828
325,GREENSBORO NC,,6005 LANDMARK CTR BLVD,GREENSBORO,NC,27407,(877) 319-3075
326,ROCKY MOUNT NC,,1071 HUNTER HILL RD,ROCKY MOUNT,NC,27804,(866) 964-0784
327,WILMINGTON NC,,1528 S 16TH ST,WILMINGTON,NC,28401,(866) 964-6227
328,DURHAM NC,SUITE 200,3511 SHANNON RD,DURHAM,NC,27707,(888) 759-3908
329,GOLDSBORO NC,,915 W NEW HOPE ROAD,GOLDSBORO,NC,27534,(866) 964-7372
330,FAYETTEVILLE NC,,145 ROWAN ST,FAYETTEVILLE,NC,28301,(866) 964-6485
331,HICKORY NC,,1501 US HIGHWAY 321 NW,HICKORY,NC,28601,(888) 877-1615
332,GASTONIA NC,,609 COTTON BLOSSOM CIR,GASTONIA,NC,28054,(866) 331-2193
334,NEW BERN NC,,1420 MCCARTHY BLVD,NEW BERN,NC,28562,(888) 491-1885
335,GREENVILLE NC,,2805 CHARLES BLVD,GREENVILLE,NC,27858,(866) 494-4001
336,ELIZABETH CITY NC,,1865 W CITY DR,ELIZABETH CITY,NC,27909,(866) 572-2819
338,LUMBERTON NC,,4430 KAHN DR,LUMBERTON,NC,28358,(866) 931-7099
339,WILKESBORO NC,,1517 RIVER ST,WILKESBORO,NC,28697,(866) 331-2298
340,ROANOKE RAPIDS NC,,833 GREGORY DRIVE,ROANOKE RAPIDS,NC,27870,(866) 269-2010
341,STATESVILLE NC,,2038 DAVIE AVE,STATESVILLE,NC,28625,(855) 722-3497
342,ROCKINGHAM NC,,220 E GREENE ST,ROCKINGHAM,NC,28379,(877) 405-7673
343,KINSTON NC,,2559 N QUEEN STREET,KINSTON,NC,28501,(866) 593-5671
344,CONCORD NC,,830 FLORENCE ST NW,CONCORD,NC,28027,(888) 366-6149
345,DETROIT-D/T MI,MCNAMARA BLDG/RM 450,477 MICHIGAN AVE,DETROIT,MI,48226,(888) 748-7691
346,MARQUETTE MI,"1ST FLOOR, STE 1",300 S FRONT ST,MARQUETTE,MI,49855,(855) 782-9154
347,GRAND RAPIDS MI,,3045 KNAPP ST NE,GRAND RAPIDS,MI,49525,(877) 319-5710
348,SAGINAW MI,,611 E. GENESEE AVE.,SAGINAW,MI,48607,(877) 405-5868
349,FLINT-DOWNTOWN,,1149 ROBERT T LONGWAY,FLINT,MI,48503,(888) 318-7282
350,PONTIAC MI,,1280 PONTIAC RD,PONTIAC,MI,48340,(866) 299-3777
351,JACKSON MI,STE 200,234 W LOUIS GLICK HWY,JACKSON,MI,49201,(877) 405-0473
352,TRAVERSE CITY MI,,1329 S DIVISION ST,TRAVERSE CITY,MI,49684,(866) 739-4802
353,KALAMAZOO MI,,317 SOUTH DRAKE ROAD,KALAMAZOO,MI,49009,(866) 331-9088
354,LANSING MI,,5210 PERRY ROBINSON,LANSING,MI,48911,(877) 512-5944
355,ESCANABA MI,,1013 1ST AVE NORTH,ESCANABA,MI,49829,(877) 545-5503
356,BAY CITY MI,,1115 WASHINGTON AVE,BAY CITY,MI,48708,(866) 366-4924
357,DETROIT-EAST MI,SUITE 200,19251 MACK AVE,DETROIT,MI,48236,(877) 845-0540
358,DETROIT-HIGH PK,,60 EAST GRAND AVENUE,HIGHLAND PARK,MI,48203,(877) 512-5945
359,BATTLE CREEK MI,STE D1,5700 BECKLEY RD,BATTLE CREEK,MI,49015,(877) 445-0829
360,MUSKEGON MI,,340 MORRIS AVENUE,MUSKEGON,MI,49440,(866) 763-2632
361,DEARBORN,SUITE 200,19853 OUTER DRIVE,DEARBORN,MI,48124,(877) 714-0392
362,FORT GRATIOT,,2620 KRAFFT RD,FORT GRATIOT,MI,48059,(877) 895-0042
363,DETROIT-NW MI,,26840 W SEVEN MILE RD,REDFORD,MI,48240,(888) 329-5729
364,ROSEVILLE MI,,15250 E 12 MILE RD,ROSEVILLE,MI,48066,(877) 833-2541
365,BENT HAR-ST JOE,,455 BOND ST,BENTON HARBOR,MI,49022,(877) 405-5457
366,ANN ARBOR MI,SUITE A,3971 RESEARCH PARK DR,ANN ARBOR,MI,48108,(877) 402-0825
367,MOUNT PLEASANT,,1940 SWEENEY ST,MT PLEASANT,MI,48858,(877) 405-7667
368,PETOSKEY MI,SUITE 8,308 STATE ST,PETOSKEY,MI,49770,(866) 574-2588
369,MONROE MI,,1300 S TELEGRAPH RD,MONROE,MI,48161,(877) 274-5416
370,ALPENA MI,,111 N 4TH AVE,ALPENA,MI,49707,(877) 452-4195
372,GRAND RIVER MI,,9222 GRAND RIVER AVE,DETROIT,MI,48204,(866) 405-0043
373,DETROIT 7 MILE WYOMING,,10201 W SEVEN MILE RD,DETROIT,MI,48221,(866) 365-6741
374,DET CONNER,,3400 CONNER ST,DETROIT,MI,48215,(877) 405-7824
375,CLAWSON MI,,140 NORTH CROOKS,CLAWSON,MI,48017,(888) 456-9559
376,TOLEDO-WEST OH,SUITE A,4906 MONROE ST,TOLEDO,OH,43623,(877) 274-5429
378,PAINESVILLE OH,,55 W JACKSON ST,PAINESVILLE,OH,44077,(877) 692-3143
380,SAN PATRICIO PR,EBANO OFFICE CENTER,"F5 EBANO ST, 2ND FL",GUAYNABO,PR,00968,(866) 783-0627
383,RICHMOND CA,,3164 GARRITY WAY,RICHMOND,CA,94806,(877) 877-3116
384,EL MONTE CA,,9351 TELSTAR AVE.,EL MONTE,CA,91731,(866) 931-0340
385,SAN JOSE EAST CA,,2500 FONTAINE RD,SAN JOSE,CA,95121,(866) 931-4496
386,WEST FRESNO CA,,865 FULTON STREET,FRESNO,CA,93721,(877) 311-2640
387,CINCINNATI-D/T,ROOM 2-960,550 MAIN ST,CINCINNATI,OH,45202,(866) 593-1519
388,CLEVELAND DT OH,RM 793 AJC FED BLDG,1240 E 9TH ST,CLEVELAND,OH,44199,(877) 378-9078
389,COLUMBUS OH-DT,ROOM 225  FED BLDG,200 NORTH HIGH STREET,COLUMBUS,OH,43215,(866) 964-1723
390,AKRON OH,2ND FLOOR,2 S MAIN ST,AKRON,OH,44308,(877) 600-2858
391,LORAIN OH,,221 W 5TH ST,LORAIN,OH,44052,(866) 530-7818
392,ASHTABULA OH,,4815 STATE RD,ASHTABULA,OH,44004,(877) 223-6059
393,MANSFIELD OH,,1287 SOUTH TRIMBLE RD,MANSFIELD,OH,44907,(888) 491-1882
394,LIMA OH,"FEDERAL BLDG, STE 101",401 WEST NORTH ST,LIMA,OH,45801,(800) 223-0288
395,TOLEDO OH DT,SUITE 1000,433 N SUMMIT ST,TOLEDO,OH,43604,(866) 331-2196
396,ZANESVILLE OH,,3823 JAMES COURT,ZANESVILLE,OH,43701,(855) 884-3408
397,YOUNGSTOWN OH,,354 E FEDERAL ST,YOUNGSTOWN,OH,44503,(877) 714-0393
398,SPRINGFIELD OH,,1610 N LIMESTONE ST,SPRINGFIELD,OH,45503,(877) 405-1451
399,HAMILTON OH,,6553 WINFORD AVENUE,HAMILTON,OH,45011,(888) 862-3585
400,CANTON OH,SUITE 100,301 MCKINLEY AVE SW,CANTON,OH,44702,(877) 255-1509
401,PORTSMOUTH OH,,921 FOURTH STREET,PORTSMOUTH,OH,45662,(866) 613-3961
402,DAYTON OH,FEDERAL BLDG,200 W 2ND STREET,DAYTON,OH,45402,(888) 329-5724
403,WARREN OH,1ST FLOOR,258 E MARKET STREET,WARREN,OH,44481,(866) 964-7339
404,MARION OH,,1363 WELLNESS DR,MARION,OH,43302,(888) 475-0296
405,ATHENS OH,,743A EAST STATE STREET,ATHENS,OH,45701,(877) 840-7683
406,CLEVELAND EAST OH,,3591 PARK EAST DR,BEACHWOOD,OH,44122,(877) 402-0823
407,CLEVELAND WEST OH,,17513 DETROIT AVE,LAKEWOOD,OH,44107,(866) 964-4389
408,STEUBENVILLE OH,UNIT E5,100 MALL DRIVE,STEUBENVILLE,OH,43952,(866) 253-6889
409,SANDUSKY OH,,252 WAYNE STREET,SANDUSKY,OH,44870,(866) 588-7397
410,CHILLICOTHE OH,,44 STONERIDGE DRIVE,CHILLICOTHE,OH,45601,(877) 452-6971
411,CINCINNATI NORTH,,10205 READING RD,CINCINNATI,OH,45241,(877) 833-2704
412,DEFIANCE OH,,273 STADIUM DR,DEFIANCE,OH,43512,(877) 600-2860
413,FINDLAY OH,,1720 E MELROSE AVE,FINDLAY,OH,45840,(877) 628-6548
414,MARIETTA OH,,1301 GREENE STREET,MARIETTA,OH,45750,(855) 433-5872
415,NEWARK OH,,125 DERBY DOWNS RD,NEWARK,OH,43055,(866) 737-3514
416,NEW PHILADELPHIA OH,SUITE 1C,1260 MONROE ST NW,NEW PHILADELPHIA,OH,44663,(866) 731-4236
417,EAST LIVERPOOL OH,,120 EAST FOURTH STREET,EAST LIVERPOOL,OH,43920,(855) 269-9178
418,PIQUA OH,,277 S LOONEY RD,PIQUA,OH,45356,(866) 931-2520
419,LANCASTER OH,,252 VENTURE PLACE,LANCASTER,OH,43130,(877) 841-5712
420,WOOSTER OH,,2345 GATEWAY DR STE B,WOOSTER,OH,44691,(877) 319-0729
421,IRONTON OH,,611 VERNON STREET,IRONTON,OH,45638,(866) 789-1073
422,AKRON-WEST OH,,2166 ROMIG RD,AKRON,OH,44320,(866) 837-5359
423,CLEVELAND NE OH,,15250 S. WATERLOO RD,CLEVELAND,OH,44110,(866) 592-1802
424,CLEVELAND SE OH,,18711 MILES AVE,WARRENSVILLE HTS,OH,44128,(877) 405-0474
426,DAYTON-WEST OH,,4375 HOOVER AVE,DAYTON,OH,45417,(877) 895-0038
427,CLEVE BUCKEYE SHAKER,,11601 SHAKER BLVD,CLEVELAND,OH,44120,(877) 635-3546
428,MAYSVILLE KY,,509 MARKETPLACE DR,MAYSVILLE,KY,41056,(855) 807-8802
431,CLEVELAND NW OH,,7517 LORAIN AVE,CLEVELAND,OH,44102,(877) 876-3172
432,CLEVELAND SW OH,SUITE 101,7344 PEARL RD,MIDDLEBURG HTS,OH,44130,(866) 931-9176
434,COMPTON CA,,171 E COMPTON BLVD,COMPTON,CA,90220,(888) 472-6122
435,NATIONAL CITY CA,GROUND FLOOR,"700 E 24TH ST, STE A",NATIONAL CITY,CA,91950,(866) 331-2203
436,CHULA VISTA CA,SUITE 1,626 L STREET,CHULA VISTA,CA,91911,(888) 487-9907
437,LOUISVILLE KY,ROOM 101,601 W BROADWAY,LOUISVILLE,KY,40202,(866) 716-9671
438,ASHLAND KY,ROOM 132,1405 GREENUP AVENUE,ASHLAND,KY,41101,(866) 269-3993
439,LEXINGTON KY,SUITE 110,2241 BUENA VISTA RD.,LEXINGTON,KY,40505,(866) 530-7754
440,PADUCAH KY,,125 BRETT CHASE,PADUCAH,KY,42003,(866) 614-7905
441,FRANKFORT KY,,140 FLYNN AVE,FRANKFORT,KY,40601,(866) 964-1724
442,FLORENCE KY,,7 YOUELL STREET,FLORENCE,KY,41042,(866) 504-4224
443,BOWLING GREEN KY,,2724 CHANDLER DRIVE,BOWLING GREEN,KY,42104,(877) 801-0817
444,OWENSBORO KY,,4532 LUCKY STRIKE LOOP,OWENSBORO,KY,42303,(866) 836-5834
445,CORBIN KY,,159 FUTURE DR,CORBIN,KY,40701,(877) 405-0470
446,HAZARD KY,,122 REYNOLDS LANE,HAZARD,KY,41701,(877) 405-0491
447,HOPKINSVILLE KY,,1650 MARIE DRIVE,HOPKINSVILLE,KY,42240,(877) 405-7656
448,PIKEVILLE KY,,333 HAMBLEY BLVD,PIKEVILLE,KY,41501,(888) 676-2942
449,ELIZABETHTOWN KY,,591 WESTPORT ROAD,ELIZABETHTOWN,KY,42701,(866) 596-7123
450,CAMPBELLSVILLE KY,,101 HIESTAND FARM RD,CAMPBELLSVILLE,KY,42718,(877) 828-1695
451,MIDDLESBORO KY,,10 TECH PARK DRIVE,MIDDLESBORO,KY,40965,(877) 619-2853
452,DANVILLE KY,,103 BELINDA BLVD,DANVILLE,KY,40422,(877) 512-3850
453,MADISONVILLE KY,,4431 HANSON RD,MADISONVILLE,KY,42431,(877) 626-9912
454,SOMERSET KY,,3975 S HIGHWAY 27,SOMERSET,KY,42501,(877) 714-0375
455,INDIANAPOLIS IN,RM 685,575 N PENNSYLVANIA ST,INDIANAPOLIS,IN,46204,(866) 592-2812
456,SOUTH BEND IN,602 SOUTH MICHIGAN,STREET,SOUTH BEND,IN,46601,(877) 274-5415
457,EVANSVILLE IN,,2300 N GREEN RIVER RD,EVANSVILLE,IN,47715,(877) 768-5679
458,TERRE HAUTE IN,,222 CHERRY ST,TERRE HAUTE,IN,47807,(866) 635-0282
459,FORT WAYNE IN,,2122 LINCOLNWAY CT,FORT WAYNE,IN,46819,(877) 223-6061
460,RICHMOND IN,,500 NORTH A STREET,RICHMOND,IN,47374,(866) 446-6190
461,LAFAYETTE IN,,10 S. 2ND ST,LAFAYETTE,IN,47901,(888) 884-0522
462,KOKOMO IN,,353 W. ALTO RD,KOKOMO,IN,46902,(866) 365-3036
463,MUNCIE IN,,600 NORTH WALNUT ST,MUNCIE,IN,47305,(866) 964-7586
464,GARY IN,,808 SOUTH LAKE STREET,GARY,IN,46403,(866) 593-2911
465,NEW ALBANY IN,,3700 BLACKISTON BLVD,NEW ALBANY,IN,47150,(866) 331-9073
466,BLOOMINGTON IN,,515 W PATTERSON DRIVE,BLOOMINGTON,IN,47403,(877) 819-2594
467,ELKHART IN,,231 WATERFALL DRIVE,ELKHART,IN,46516,(866) 426-0532
468,ANDERSON IN,,117 S SCATTERFIELD RD,ANDERSON,IN,46012,(866) 875-0394
469,HAMMOND IN,,418 E DOUGLAS STREET,HAMMOND,IN,46320,(877) 512-3859
470,MICHIGAN CITY IN,,636 PINE STREET,MICHIGAN CITY,IN,46360,(866) 248-2393
471,MARION IN,,844 N MILLER AVENUE,MARION,IN,46952,(888) 397-9795
472,VINCENNES IN,,606 VETERANS DR,VINCENNES,IN,47591,(888) 456-9531
473,COLUMBUS IN,,2535 ARNOLD STREET,COLUMBUS,IN,47203,(866) 755-0990
474,MADISON IN,,150 DEMAREE DRIVE,MADISON,IN,47250,(877) 692-3144
475,VALPARAISO IN,,3810 CALUMET AVE,VALPARAISO,IN,46383,(888) 472-6120
476,ONTARIO CA,,1100 E HOLT BLVD,ONTARIO,CA,91761,(866) 331-2216
478,PORTAGE WI,SUITE 100,2875 VILLAGE RD,PORTAGE,WI,53901,(888) 875-1681
480,SONORA CA,,745 MORNING STAR DRIVE,SONORA,CA,95370,(888) 397-4125
481,ALBEMARLE NC,BROOKWOOD EXECUTIVE PK,202 CHARTER ST,ALBEMARLE,NC,28001,(866) 319-8268
482,FRANKLIN NC,,2123 LAKESIDE DR,FRANKLIN,NC,28734,(866) 562-0738
483,HENDERSONVILLE NC,,205 S GROVE STREET,HENDERSONVILLE,NC,28792,(866) 964-5053
484,SMITHFIELD NC,,633 VENTURE DR,SMITHFIELD,NC,27577,(888) 527-9331
485,CHICAGO LOOP IL,,605 W WASHINGTON BLVD,CHICAGO,IL,60661,(866) 563-3899
486,EAST ST LOUIS IL,ROOM 104 FEDERAL BLDG,650 MISSOURI AVE,EAST ST LOUIS,IL,62201,(877) 700-4849
487,PEORIA IL,,815 W PIONEER PARKWAY,PEORIA,IL,61615,(877) 319-6039
488,SPRINGFIELD IL,,3112 CONSTITUTION DR,SPRINGFIELD,IL,62704,(877) 279-9504
489,ROCK ISLAND IL,,2350 4TH AVE,ROCK ISLAND,IL,61201,(866) 414-9166
490,QUINCY IL,,2401 LIND STREET,QUINCY,IL,62301,(888) 279-5999
491,WAUKEGAN IL,,1930 N  LEWIS AVE,WAUKEGAN,IL,60087,(888) 320-0960
492,MT VERNON IL,FEDERAL BUILDING,105 S 6TH STREET,MOUNT VERNON,IL,62864,(866) 931-2549
493,DANVILLE IL,,400 N. VERMILION ST.,DANVILLE,IL,61832,(866) 331-5394
494,JOLIET IL,,552 HOUBOLT RD,JOLIET,IL,60431,(866) 783-7302
495,HARRISBURG IL,,18 VETERANS DRIVE,HARRISBURG,IL,62946,(866) 366-3980
496,ROCKFORD IL,,502 E JEFFERSON ST,ROCKFORD,IL,61107,(877) 628-6570
497,CHICAGO-EAST IL,,6338 S COTTAGE GROVE,CHICAGO,IL,60637,(877) 402-0824
498,CHICAGO-WEST IL,,5130 WEST NORTH AVENUE,CHICAGO,IL,60639,(866) 614-4761
499,CHICAGO NORTH IL,,2127 W LAWRENCE AVE,CHICAGO,IL,60625,(877) 409-8426
500,CHICAGO SOUTH,,8658 S SACRAMENTO AVE,CHICAGO,IL,60652,(877) 409-8427
501,CHAMPAIGN IL,,101 S COUNTRY FAIR DR,CHAMPAIGN,IL,61821,(877) 819-2593
502,NORTH RIVERSIDE IL,ROOM 600,7222 W CERMAK RD,NORTH RIVERSIDE,IL,60546,(888) 518-0226
503,HILLSIDE IL,,230 NORTH MANNHEIM RD,HILLSIDE,IL,60162,(866) 964-6290
504,EVANSTON IL,,2116 GREEN BAY RD,EVANSTON,IL,60201,(888) 371-0791
505,GALESBURG IL,,2060 WINDISH DRIVE,GALESBURG,IL,61401,(877) 405-7659
506,DECATUR IL,,606 W PERSHING RD,DECATUR,IL,62526,(888) 619-4773
507,BLOOMINGTON IL,,207 N WILLIAMSBURG DR,BLOOMINGTON,IL,61704,(877) 405-4640
508,AURORA IL,,1325 N. LAKE STREET,AURORA,IL,60506,(877) 274-5412
509,CHICAGO HEIGHTS IL,,104 S HALSTED STREET,CHICAGO HEIGHTS,IL,60411,(877) 274-5413
510,CHICAGO-NR NW IL,,3260 W FULLERTON AVE,CHICAGO,IL,60647,(888) 456-9540
512,ALTON IL,ROOM 103 FEDERAL BLDG,501 BELLE ST,ALTON,IL,62002,(855) 285-6006
513,CHICAGO-NW IL,SUITE 600,4849 N MILWAUKEE AVE,CHICAGO,IL,60630,(888) 748-7667
514,CHICAGO-SE IL,,9715 S COTTAGE GROVE,CHICAGO,IL,60628,(888) 397-3107
515,ELGIN IL,SUITE 100,790 FLETCHER DR,ELGIN,IL,60123,(877) 405-0435
516,KANKAKEE IL,,630 E. OAK ST.,KANKAKEE,IL,60901,(855) 807-8801
517,CARBONDALE IL,RM 104,250 W CHERRY ST,CARBONDALE,IL,62901,(877) 714-0377
518,STERLING IL,SUITE C,3512 E LINCOLNWAY,STERLING,IL,61081,(866) 789-1093
519,PERU IL,,915 WENZEL RD,PERU,IL,61354,(855) 245-0640
520,FREEPORT IL,,4 E LINDEN ST,FREEPORT,IL,61032,(855) 628-1591
521,EFFINGHAM IL,SUITE 2,1207 NETWORK CENTRE DR,EFFINGHAM,IL,62401,(855) 213-5288
522,BLOOMINGDALE IL,,230 WEST LAKE STREET,BLOOMINGDALE,IL,60108,(877) 845-1577
523,MANTECA CA,,510 COMMERCE CT,MANTECA,CA,95336,(866) 320-2587
527,CAMP SPRINGS MD,,6110 ALLENTOWN ROAD,SUITLAND,MD,20746,(877) 512-3849
528,AGUADILLA PR,,5000 PEDRO ALBIZU CAMPOS AVE,AGUADILLA,PR,00603,(833) 882-1201
529,FREDERICK MD,SUITE N,5340 SPECTRUM DRIVE,FREDERICK,MD,21703,(866) 331-7089
530,CHARLOTTE HALL MD,,30071 BUSINESS CTR DR,CHARLOTTE HALL,MD,20622,(888) 866-5181
531,ANACOSTIA DC,SUITE 130,2041 MLK JR AVE SE,WASHINGTON,DC,20020,(866) 495-0048
532,MOUNT PROSPECT IL,,705 NORTH WHEELING RD,MOUNT PROSPECT,IL,60056,(866) 931-8350
535,MILW NORTH WI,,6300 W FOND DU LAC AVE,MILWAUKEE,WI,53218,(888) 823-4323
536,MADISON WI,,6011 ODANA RD,MADISON,WI,53719,(866) 770-2262
537,GREEN BAY WI,,1561 DOUSMAN ST.,GREEN BAY,WI,54303,(888) 862-4811
538,FOND DU LAC WI,SUITE 100,180 KNIGHTS WAY,FOND DU LAC,WI,54935,(888) 717-1526
539,EAU CLAIRE WI,,4120 OAKWOOD HILLS PKY,EAU CLAIRE,WI,54701,(866) 815-2924
540,RACINE WI,,4020 DURAND AVE,RACINE,WI,53405,(866) 270-8629
541,LA CROSSE WI,STE 100,210 7TH ST S,LA CROSSE,WI,54601,(866) 770-2345
542,WAUSAU WI,,352 GRAND AVE,WAUSAU,WI,54403,(855) 269-9186
543,SHEBOYGAN WI,,1137 N 26TH ST,SHEBOYGAN,WI,53081,(877) 635-3549
544,SUPERIOR WI,,4221 TOWER AVE,SUPERIOR,WI,54880,(877) 628-6578
545,OSHKOSH WI,,400 CITY CENTER STE B,OSHKOSH,WI,54901,(877) 445-0834
546,JANESVILLE WI,,222 N ACADEMY ST,JANESVILLE,WI,53548,(877) 850-7826
547,KENOSHA WI,,5624 6TH AVE,KENOSHA,WI,53140,(866) 334-4997
548,MILW DT WI,SUITE 260,310 W WISCONSIN AVE,MILWAUKEE,WI,53203,(866) 467-9626
549,APPLETON WI,,607 W NORTHLAND AVE,APPLETON,WI,54911,(877) 694-5495
550,WAUKESHA WI,FIRST FLOOR,707 N GRAND AVENUE,WAUKESHA,WI,53186,(866) 220-7885
551,WISCONSIN RAPIDS,,2213 8TH ST SOUTH,WISCONSIN RAPIDS,WI,54494,(855) 686-1465
552,LANCASTER WI,,175 W ALONA LN,LANCASTER,WI,53813,(877) 405-7841
553,MARINETTE WI,,2023 LAKE PARK DR,MARINETTE,WI,54143,(888) 329-5722
554,MANITOWOC WI,,1603 MIRRO DR,MANITOWOC,WI,54220,(877) 409-8430
556,MEMPHIS SOUTH TN,,3461 SOUTH THIRD ST,MEMPHIS,TN,38109,(855) 782-9155
558,GALLATIN TN,,637 COMMONS DRIVE,GALLATIN,TN,37066,(866) 964-7392
560,WEST PLAINS MO,,1612 IMPERIAL DRIVE,WEST PLAINS,MO,65775,(866) 614-2741
561,GILROY CA,,1059 FIRST STREET,GILROY,CA,95020,(877) 452-4198
562,NORWALK CA,SUITE 170,12440 E IMPERIAL HWY,NORWALK,CA,90650,(866) 331-3281
563,BKRSFLD EAST HILLS CA,,2575 HALEY STREET,BAKERSFIELD,CA,93305,(866) 366-9558
565,NASHVILLE  TN,,120 ATHENS WAY,NASHVILLE,TN,37228,(877) 808-5461
566,MEMPHIS TN,,1330 MONROE AVENUE,MEMPHIS,TN,38104,(866) 336-2212
567,KNOXVILLE TN,,9031 CROSS PARK DR,KNOXVILLE,TN,37923,(866) 331-9091
568,CHATTANOOGA TN,SUITE 140,1290 PREMIER DR,CHATTANOOGA,TN,37421,(866) 964-0029
569,COLUMBIA TN,,1885 SHADY BROOK ST,COLUMBIA,TN,38401,(877) 876-3174
570,DYERSBURG TN,,1070 VENDALL RD,DYERSBURG,TN,38024,(877) 480-5002
571,JACKSON TN,,415 CHEYENNE DR,JACKSON,TN,38305,(888) 383-1593
572,JOHNSON CITY TN,SUITE 203,818 SUNSET DRIVE,JOHNSON CITY,TN,37604,(866) 964-5059
573,COOKEVILLE TN,,1145 PERIMETER PARK DR,COOKEVILLE,TN,38501,(888) 717-1528
574,CLARKSVILLE TN,,119 CENTER POINTE DR,CLARKSVILLE,TN,37040,(877) 531-4695
575,GREENEVILLE TN,,1618 OLD TUSCULUM ROAD,GREENEVILLE,TN,37745,(877) 405-0416
576,MORRISTOWN TN,,3112 MILLERS POINT DR,MORRISTOWN,TN,37813,(866) 875-6156
577,TULLAHOMA TN,,717 KINGS LANE,TULLAHOMA,TN,37388,(866) 635-0647
578,MURFREESBORO TN,,2836 SAINT PATRICK CT,MURFREESBORO,TN,37128,(866) 593-3112
579,KINGSPORT TN,,2401 SOUTH WILCOX DR,KINGSPORT,TN,37660,(888) 487-0161
580,JACKSBORO TN,,140 SHARP PERKINS RD,JACKSBORO,TN,37757,(866) 964-7324
581,CLEVELAND TN,,529 INMAN ST W,CLEVELAND,TN,37311,(855) 207-4867
582,PARIS TN,,186 COMMERCE ST,PARIS,TN,38242,(866) 698-2507
583,COLUMBIA SC,11FL STHURMOND FED BLD,1835 ASSEMBLY ST,COLUMBIA,SC,29201,(866) 964-7594
584,SPARTANBURG SC,SPARTANBURG BUSINESS TECH CTR 3RD FL,145 N CHURCH ST,SPARTANBURG,SC,29306,(866) 701-6620
585,CHARLESTON SC,,1463 TOBIAS GADSON BLV,CHARLESTON,SC,29407,(866) 495-0111
586,GREENVILLE SC,,319 PELHAM RD,GREENVILLE,SC,29615,(877) 274-5423
587,FLORENCE SC,,181 DOZIER BLVD,FLORENCE,SC,29501,(888) 385-1173
588,ROCK HILL SC,,499 LAKESHORE PKWY,ROCK HILL,SC,29730,(877) 626-9589
589,GREENWOOD SC,STE C,115 ENTERPRISE COURT,GREENWOOD,SC,29649,(866) 739-4803
590,ANDERSON SC,,4 CIVIC CTR BLVD EXT,ANDERSON,SC,29625,(877) 505-4549
591,BENNETTSVILLE SC,,1028 CHERAW ST,BENNETTSVILLE,SC,29512,(888) 810-7617
592,MYRTLE BEACH SC,STE 301,611 BURROUGHS AND CHAPIN BLVD,MYRTLE BEACH,SC,29577,(888) 577-6601
593,GEORGETOWN SC,,413 KING ST,GEORGETOWN,SC,29440,(866) 593-1584
594,ORANGEBURG SC,,1379 SIMS ST,ORANGEBURG,SC,29115,(866) 716-8602
595,SUMTER SC,,240 BULTMAN DR,SUMTER,SC,29150,(877) 445-0840
596,AIKEN SC,,151 CORPORATE PKWY,AIKEN,SC,29803,(866) 275-8271
597,BEAUFORT SC,,646 ROBERT SMALLS PKWY,BEAUFORT,SC,29906,(866) 254-3316
599,ANSONIA CT,,475 MAIN STREET,ANSONIA,CT,06401,(866) 331-7096
600,ATLANTA-D/T GA,SUITE 2860 FLR 28,401 W PEACHTREE ST NW,ATLANTA,GA,30308,(866) 931-9946
601,SAVANNAH GA,,430 MALL BLVD,SAVANNAH,GA,31406,(866) 366-4923
602,ALBANY GA,,1522 W 3RD AVE,ALBANY,GA,31707,(877) 319-0733
603,MACON GA,,3530 RIVERSIDE DRIVE,MACON,GA,31210,(888) 759-3917
604,ATHENS GA,,1650 PRINCE AVENUE,ATHENS,GA,30606,(866) 964-3294
605,COLUMBUS GA,,7263 NORTH LAKE DR,COLUMBUS,GA,31909,(877) 784-3688
606,AUGUSTA GA,,115 ROBERT C DANIEL JR PKWY,AUGUSTA,GA,30909,(877) 616-2523
607,WAYCROSS GA,,303 ISABELLA ST,WAYCROSS,GA,31501,(877) 405-3578
608,LAGRANGE GA,SUITE A,1300 LAFAYETTE PKWY,LAGRANGE,GA,30241,(866) 836-6744
609,ROME GA,,480 RIVERSIDE PKWY NE,ROME,GA,30161,(866) 964-1006
610,MILLEDGEVILLE GA,,109 CYPRESS CORNERS,MILLEDGEVILLE,GA,31061,(866) 348-5817
611,THOMASVILLE GA,,1916 SMITH AVENUE,THOMASVILLE,GA,31792,(888) 491-1886
612,GAINESVILLE GA,SUITE 210,2565 THOMPSON BRDG RD,GAINESVILLE,GA,30501,(866) 331-2309
613,VALDOSTA GA,,3149 PERIMETER PARK LN,VALDOSTA,GA,31602,(866) 829-2617
614,BRUNSWICK GA,,134 JUNIPER CT,BRUNSWICK,GA,31520,(866) 964-6563
615,DUBLIN GA,,919 HILLCREST PKWY,DUBLIN,GA,31021,(888) 655-6438
616,GRIFFIN GA,,1548 FLYNT ST,GRIFFIN,GA,30223,(866) 964-1005
617,SOUTHLAKE GA,,6670 MERCHANTS WAY,MORROW,GA,30260,(866) 331-2215
618,DALTON GA,,301 POINT NORTH PL,DALTON,GA,30720,(866) 593-5681
619,KENNESAW GA,SUITE 250,200 CHASTAIN CENTER BLVD NW,KENNESAW,GA,30144,(866) 964-4690
620,GWINNETT GA,,4365 SHACKLEFORD RD,NORCROSS,GA,30093,(877) 803-6320
621,DECATUR GA,,3554 COVINGTON HWY,DECATUR,GA,30032,(877) 626-9909
622,BIRMINGHAM DT AL,DISTRICT OFFICE-1ST FLOOR,1200 REV ABRAHAM WOODS JR BLVD N,BIRMINGHAM,AL,35285,(866) 592-3734
623,MONTGOMERY AL,SUITE 100,4344 CARMICHAEL RD,MONTGOMERY,AL,36106,(866) 593-0914
624,MOBILE AL,SUITE 100,550 GOVERNMENT ST,MOBILE,AL,36602,(866) 593-1922
625,DECATUR AL,,717 MCGLATHERY LN SE,DECATUR,AL,35601,(888) 289-9185
626,GADSDEN AL,,204 ENTERPRISE DRIVE,GADSDEN,AL,35904,(877) 316-4418
627,ANNISTON AL,,801 QUINTARD AVENUE,ANNISTON,AL,36201,(877) 701-2139
628,DOTHAN AL,,1778 WHATLEY DRIVE,DOTHAN,AL,36303,(877) 452-4192
629,TUSCALOOSA AL,STE 1200,2005 UNIVERSITY BLVD,TUSCALOOSA,AL,35401,(877) 480-4988
630,SELMA AL,,120 EXECUTIVE PARK LN,SELMA,AL,36701,(877) 628-6541
631,FLORENCE AL,,203 SOUTH WALNUT ST,FLORENCE,AL,35630,(855) 884-3407
632,HUNTSVILLE AL,,"4970 RESEARCH DRIVE,NW",HUNTSVILLE,AL,35805,(866) 593-0665
633,AUBURN AL,,2454 E UNIVERSITY DR,AUBURN,AL,36830,(877) 512-3857
634,ANDALUSIA AL,,24467 ALABAMA HWY 55,ANDALUSIA,AL,36420,(877) 405-7657
635,TALLADEGA AL,,736 NORTH STREET EAST,TALLADEGA,AL,35160,(877) 619-2854
636,BESSEMER AL,,5475 ACADEMY WAY,BESSEMER,AL,35022,(866) 593-5647
640,VICKSBURG MS,SUITE 24,3505 PEMBERTON SQUARE BLVD,VICKSBURG,MS,39180,(866) 964-0996
641,JACKSON MS FO,STE 225 MCCOY FED BLDG,100 W CAPITOL STREET,JACKSON,MS,39269,(866) 331-8135
642,HATTIESBURG MS,,1911 BROADWAY DR,HATTIESBURG,MS,39402,(866) 331-2186
643,MERIDIAN MS,,4717 26TH AVENUE,MERIDIAN,MS,39305,(866) 403-8014
644,COLUMBUS MS,,3577 BLUECUTT RD,COLUMBUS,MS,39705,(877) 626-9914
645,GREENWOOD MS,,604 YALOBUSHA STREET,GREENWOOD,MS,38930,(866) 331-2209
646,GULFPORT MS,,9394 THREE RIVERS ROAD,GULFPORT,MS,39503,(877) 897-0609
647,GREENVILLE MS,ROOM 201,305 MAIN STREET,GREENVILLE,MS,38701,(866) 602-8776
648,TUPELO MS,,199 SADDLE CREEK DRIVE,TUPELO,MS,38801,(866) 504-4267
649,CLARKSDALE MS,,160 ANDERSON BLVD,CLARKSDALE,MS,38614,(866) 931-7670
650,MCCOMB MS,,116 BUSINESS CENTER DR,MCCOMB,MS,39648,(866) 253-5609
651,NATCHEZ MS,GROUND FLOOR,110 LOWER WOODVILLE RD,NATCHEZ,MS,39120,(877) 405-4565
652,LAUREL MS,,3210 HWY 15 N,LAUREL,MS,39440,(866) 964-4927
653,MOSS POINT MS,,6000 HWY 63,MOSS POINT,MS,39563,(866) 253-5675
655,JACKSONVILLE SOUTH FL,SUITE 1,7185 BONNEVAL ROAD,JACKSONVILLE,FL,32256,(877) 409-8424
656,TAMPA FL,,3415 E FRONTAGE ROAD,TAMPA,FL,33607,(866) 331-2317
657,ORLANDO FL,SUITE 101,5520 GATLIN AVE,ORLANDO,FL,32812,(866) 964-6146
658,LAKELAND FL,,550 COMMERCE DR,LAKELAND,FL,33813,(877) 604-9387
659,TALLAHASSEE FL,STE B-12,2002 OLD ST AUGUSTINE,TALLAHASSEE,FL,32301,(866) 248-2088
660,PENSACOLA FL,,411 W GARDEN STREET,PENSACOLA,FL,32502,(877) 505-4550
661,WEST PALM BEACH FL,SUITE 2,801 CLEMATIS STREET,WEST PALM BEACH,FL,33401,(866) 783-7339
662,ST PETERSBURG FL,,30 DR MLK ST S,ST PETERSBURG,FL,33701,(866) 613-3965
663,GAINESVILLE FL,,4562 NW 13 STREET,GAINESVILLE,FL,32609,(877) 219-8323
664,PORT ORANGE FL,,4990 S CLYDE MORRIS BLVD,PORT ORANGE,FL,32127,(866) 210-8089
665,FT LAUDERDALE EAST FL,SUITE 100,3201 W COMMERCIAL BLVD,FT LAUDERDALE,FL,33309,(877) 253-4720
667,SARASOTA FL,SUITE  301,2001 SIESTA DR,SARASOTA,FL,34239,(888) 327-1206
668,PANAMA CITY FL,,3215 HWY 77,PANAMA CITY,FL,32405,(866) 348-5833
669,MIAMI NORTH FL,,16900 NW 12 AVE,MIAMI,FL,33169,(866) 331-2231
670,FORT MYERS FL,FIRST FLOOR SUITE 101,3650 COLONIAL BLVD,FORT MYERS,FL,33966,(888) 318-9114
671,MIAMI BEACH FL,SUITE 200,1801 ALTON RD,MIAMI BEACH,FL,33139,(877) 714-0374
673,MELBOURNE FL,,1715 W NASA BLVD,MELBOURNE,FL,32901,(866) 716-7667
674,OCALA FL,,933 E SILVER SPGS BLVD,OCALA,FL,34470,(877) 626-9911
675,MINNEAPOLIS MN,SUITE 1,1811 CHICAGO AVE,MINNEAPOLIS,MN,55404,(855) 257-0982
676,DULUTH MN,STE 400/U S BANK BG,130 W SUPERIOR ST,DULUTH,MN,55802,(855) 863-3560
677,ST PAUL MN,STE N650,332 MINNESOTA ST,ST PAUL,MN,55101,(866) 667-7481
678,MANKATO MN,STE 1550 MANKATO PL,12 CIVIC CNTR PLAZA,MANKATO,MN,56001,(877) 457-1734
679,ST CLOUD MN,SUITE 100,3800 VETERANS DRIVE,SAINT CLOUD,MN,56303,(877) 405-1446
680,WINONA MN,CHOATE BLDG/STE 307,53 E THIRD ST,WINONA,MN,55987,(877) 600-2853
681,MARSHALL MN,SUITE B,507 JEWETT STREET,MARSHALL,MN,56258,(855) 210-0122
682,BEMIDJI MN,,2900 HANNAH AVE NW,BEMIDJI,MN,56601,(866) 258-6345
683,HIBBING MN,,1122 E 25TH STREET,HIBBING,MN,55746,(866) 964-4320
684,AUSTIN MN,,404 2ND STREET NW,AUSTIN,MN,55912,(866) 504-5010
685,ROCHESTER MN,SUITE 100,2443 CLARE LN NE,ROCHESTER,MN,55906,(877) 405-3631
686,FAIRMONT MN,SUITE 70,400 S. STATE ST,FAIRMONT,MN,56031,(877) 405-0414
687,BEAVERTON OR,SUITE 100,11975 SW 2ND ST,BEAVERTON,OR,97005,(866) 964-2036
689,THE DALLES OR,SUITE 110,401 E 3RD ST,THE DALLES,OR,97058,(877) 405-3526
690,DES MOINES IA,RIVERPOINT OFC COMPLEX,455 SW 5TH ST STE F,DES MOINES,IA,50309,(866) 964-7583
691,DAVENPORT IA,,4319 N BRADY STREET,DAVENPORT,IA,52806,(855) 420-8556
692,SIOUX CITY IA,,3555 SOUTHERN HILLS DR,SIOUX CITY,IA,51106,(866) 338-2859
693,WATERLOO IA,,3121 GREYHOUND DR,WATERLOO,IA,50701,(888) 456-9554
694,OTTUMWA IA,SUITE A,2429 NORTHGATE ST,OTTUMWA,IA,52501,(866) 964-7394
695,DUBUQUE IA,SUITE 101,1635 ASSOCIATES DR,DUBUQUE,IA,52002,(877) 405-3650
696,CEDAR RAPIDS IA,,"3165 WILLIAMS BLVD SW, STE 100",CEDAR RAPIDS,IA,52404,(866) 495-0088
697,FORT DODGE IA,,2315 2ND AVE NORTH,FORT DODGE,IA,50501,(866) 839-6193
698,MASON CITY IA,,625 VILLAGE GRN DR SW,MASON CITY,IA,50401,(866) 365-6708
699,BURLINGTON IA,,3920 DIVISION ST,BURLINGTON,IA,52601,(866) 338-4183
700,CRESTON IA,,906 E TAYLOR ST,CRESTON,IA,50801,(866) 613-2827
701,CARROLL IA,,818 BELLA VISTA DR,CARROLL,IA,51401,(866) 572-8381
703,CHICAGO LAWNDALE IL,,2416 S PULASKI ROAD,CHICAGO,IL,60623,(877) 531-4698
704,WEST MEMPHIS AR,,202B SHOPPING WAY BLVD,WEST MEMPHIS,AR,72301,(866) 627-6994
705,FARGO ND,RM 320 FED BLDG,657 2ND AVE N,FARGO,ND,58102,(877) 335-4114
706,MINOT ND,MINOT METRO CENTER,1414 20TH AVE SW,MINOT,ND,58701,(866) 415-3193
707,GRAND FORKS ND,STE 300,402 DEMERS AVE,GRAND FORKS,ND,58201,(888) 617-0456
708,BISMARCK ND,SUITE 100,4207 BOULDER RIDGE RD,BISMARCK,ND,58503,(877) 319-6044
709,NEW PORT RICHEY FL,SUITE 100,8661 CITIZENS DRIVE,NEW PORT RICHEY,FL,34654,(866) 593-5679
713,MINDEN LA,,103 MBL BANK DRIVE,MINDEN,LA,71055,(877) 319-5762
715,SIOUX FALLS SD,,5021 S NEVADA AVE,SIOUX FALLS,SD,57108,(877) 274-5421
716,ABERDEEN SD,ROOM 111 FEDERAL BLDG,115 4TH AVE SE,ABERDEEN,SD,57401,(855) 278-4196
717,RAPID CITY SD,STE 301,2200 NORTH MAPLE AVE,RAPID CITY,SD,57701,(866) 964-7416
718,HURON SD,ROOM 105 FEDERAL BLDG,200 4TH STREET SW,HURON,SD,57350,(866) 563-4604
720,ATLANTA WEST GA,BLDG 2400 SUITE 122,3800 CAMP CREEK PKWY,ATLANTA,GA,30331,(877) 828-1694
722,NORTH BROWARD FL,,5195 COCONUT CREEK PKY,MARGATE,FL,33063,(866) 704-4856
723,MIAMI SOUTH FL,,11401 W FLAGLER ST,MIAMI,FL,33174,(866) 331-7129
724,JASPER AL,,501 THE MALL WAY,JASPER,AL,35504,(877) 575-5199
725,OMAHA NE,OLD MILL CENTRE,604 N 109TH CT,OMAHA,NE,68154,(866) 716-8299
726,LINCOLN NE,ROOM 240,100 CENTENNIAL MALL N,LINCOLN,NE,68508,(866) 593-2880
727,NORTH PLATTE NE,RM 204,300 E. 3RD ST.,NORTH PLATTE,NE,69101,(833) 329-5527
728,GRAND ISLAND NE,STE 1,115 N WEBB RD,GRAND ISLAND,NE,68803,(877) 407-3441
729,SCOTTSBLUFF NE,,415 VALLEY VIEW DR,SCOTTSBLUFF,NE,69361,(800) 297-4291
730,NORFOLK NE,SUITE 1,605 IRON HORSE DR,NORFOLK,NE,68701,(855) 207-7082
734,ST PETERS MO,,4800 EXECUTIVE CTR PKY,ST PETERS,MO,63376,(877) 405-3570
735,ST LOUIS-DTN MO,SUITE 100,717 N 16TH STREET,ST LOUIS,MO,63103,(888) 748-2014
736,KANSAS CITY SOUTH MO,,6320 EUCLID AVE,KANSAS CITY,MO,64132,(888) 488-9417
737,ST JOSEPH MO,,1402 N WOODBINE RD,SAINT JOSEPH,MO,64506,(888) 366-6148
738,SPRINGFIELD MO,STE 100,1570 W BATTLEFIELD ST,SPRINGFIELD,MO,65807,(877) 850-7824
739,CAPE GIRARDEAU,,2445 CAPE CENTRE DR,CAPE GIRARDEAU,MO,63703,(866) 931-7077
740,JEFFERSON CITY,,129 SCOTT STATION ROAD,JEFFERSON CITY,MO,65109,(877) 405-9803
741,HANNIBAL MO,,155 FORREST DRIVE,HANNIBAL,MO,63401,(866) 331-7094
742,ST LOUIS WEST COUNTY,STE 100,1215 FERN RIDGE PKWY,CREVE COEUR,MO,63141,(855) 820-0096
743,SEDALIA MO,,3404 W 10TH,SEDALIA,MO,65301,(877) 405-5459
744,JOPLIN MO,,4102 S ARIZONA AVE,JOPLIN,MO,64804,(866) 964-7421
745,ST LOUIS-SOUTHSIDE,SUITE 100,8800 WATSON RD.,SAINT LOUIS,MO,63119,(877) 714-0372
748,INDEPENDENCE MO,,3520 S NOLAND RD STE C,INDEPENDENCE,MO,64055,(866) 864-1517
749,POPLAR BLUFF MO,,66 HIGHWAY 142,POPLAR BLUFF,MO,63901,(855) 722-3498
750,ROLLA MO,,1813 E 10TH ST,ROLLA,MO,65401,(800) 551-2056
751,COLUMBIA MO,SUITE101,3402 BUTTONWOOD DR,COLUMBIA,MO,65201,(866) 563-9108
752,KENNETT MO,,800 SOUTH BYPASS,KENNETT,MO,63857,(866) 931-4497
753,PARK HILLS MO,,507 EAST MAIN STREET,PARK HILLS,MO,63601,(877) 622-9009
755,LITTLE ROCK AR,RM 1201 FEDERAL BLDG,700 W CAPITOL STREET,LITTLE ROCK,AR,72201,(866) 593-0933
756,FORT SMITH AR,,6801 DALLAS STREET,FT SMITH,AR,72903,(866) 931-8374
757,TEXARKANA TX,,5735 SUMMERHILL RD.,TEXARKANA,TX,75503,(866) 931-7675
758,JONESBORO AR,,1809 LATOURETTE DRIVE,JONESBORO,AR,72404,(866) 842-7369
759,PINE BLUFF AR,,3511 MARKET STREET,PINE BLUFF,AR,71601,(866) 563-9693
760,HOT SPRINGS AR,,112 CORPORATE TERRACE,HOT SPRINGS,AR,71913,(855) 531-1685
761,EL DORADO AR,,2600 W HILLSBORO,EL DORADO,AR,71730,(866) 526-9254
762,BLYTHEVILLE AR,,1403 S DIVISION ST,BLYTHEVILLE,AR,72315,(866) 842-6638
763,FAYETTEVILLE AR,SUITE 101,2153 E. JOYCE BLVD.,FAYETTEVILLE,AR,72703,(877) 694-5493
765,FORREST CITY AR,SUITE A,965 HOLIDAY DR,FORREST CITY,AR,72335,(866) 964-2043
766,RUSSELLVILLE AR,,2708 E PARKWAY DRIVE,RUSSELLVILLE,AR,72802,(877) 445-0827
767,BATESVILLE AR,,151 DRY KILN RD,BATESVILLE,AR,72501,(866) 816-5651
768,TOPEKA KS,,600 SW COMMERCE PL,TOPEKA,KS,66615,(888) 327-1271
769,WICHITA KS,,3216 N CYPRESS ST,WICHITA,KS,67226,(866) 931-9173
770,SALINA KS,STE 7,1410 E IRON AVE,SALINA,KS,67401,(877) 405-3494
771,DODGE CITY KS,,2204 SUMMERLON CIR,DODGE CITY,KS,67801,(877) 694-5494
772,KANSAS CITY KS,,850 NEBRASKA AVE,KANSAS CITY,KS,66101,(866) 331-2197
774,HUTCHINSON KS,STE A,811 E 30TH AVE,HUTCHINSON,KS,67502,(877) 846-8333
775,INDEPENDENCE KS,SUITE A,2125 N PENN AVE,INDEPENDENCE,KS,67301,(877) 512-3855
776,HAYS KS,,1212 E 27TH ST,HAYS,KS,67601,(888) 552-7176
777,KANSAS CITY NORTH,,8620 N GREEN HILLS RD,KANSAS CITY,MO,64154,(877) 805-6671
778,MANHATTAN KS,STE A,1121 HUDSON AVE,MANHATTAN,KS,66503,(877) 840-5741
779,JOHNSON COUNTY,,15375 W 95TH ST,LENEXA,KS,66219,(877) 445-9978
780,SPENCER IA,,1610 12TH AVE SW,SPENCER,IA,51301,(866) 273-6050
781,SF MISSION CA,,1098 VALENCIA ST,SAN FRANCISCO,CA,94110,(866) 755-6323
783,OKLACITY OK,,12301 N. KELLEY AVE,OKLAHOMA CITY,OK,73131,(866) 331-2207
784,TULSA OK,,4750 S GARNETT RD,TULSA,OK,74146,(866) 931-7106
785,CHICKASHA OK,,506 W UTAH AVE,CHICKASHA,OK,73018,(877) 622-9096
786,ARDMORE OK,,321 HOLIDAY DRIVE,ARDMORE,OK,73401,(888) 619-4774
787,MUSKOGEE OK,,2401 W. SHAWNEE STREET,MUSKOGEE,OK,74401,(877) 575-5195
788,ENID OK,,2202 N VAN BUREN ST,ENID,OK,73703,(877) 405-0436
790,LAWTON OK,,1610 SW LEE BLVD,LAWTON,OK,73501,(866) 931-2732
791,MIAMI OK,,2108 DENVER HARNAR DR,MIAMI,OK,74354,(888) 878-0013
792,MOORE OK,,200 NE 27TH ST,MOORE,OK,73160,(866) 964-4260
793,MCALESTER OK,,902 S GEORGE NIGH,MCALESTER,OK,74501,(877) 893-4665
794,BARTLESVILLE OK,,900 LEISURE LN,BARTLESVILLE,OK,74006,(877) 836-1557
796,SHAWNEE OK,,909 E FEDERAL ST,SHAWNEE,OK,74804,(877) 897-0604
797,ADA OK,,921 LONNIE ABBOTT BLVD,ADA,OK,74820,(888) 810-1940
798,CLINTON OK,,410 OPAL AVE,CLINTON,OK,73601,(877) 405-9345
800,NEW ORLEANS DWNTWN LA,SUITE 500,400 POYDRAS STREET,NEW ORLEANS,LA,70130,(855) 257-0984
801,SHREVEPORT LA,,1240 S POINTE PKWY,SHREVEPORT,LA,71105,(877) 319-3074
802,MONROE LA,,1120 PLAZA BLVD,MONROE,LA,71201,(866) 815-8716
803,BATON ROUGE LA,,5455 BANKERS AVE,BATON ROUGE,LA,70808,(866) 613-3070
804,ALEXANDRIA LA,,3401 NORTH BLVD,ALEXANDRIA,LA,71301,(877) 876-3171
805,LAKE CHARLES LA,SUITE B,149 W 18TH ST,LAKE CHARLES,LA,70601,(877) 409-8431
806,LAFAYETTE LA,,106 CORPORATE BLVD,LAFAYETTE,LA,70508,(888) 619-4771
807,HOUMA LA,STE 100,178 CIVIC CENTER BLVD,HOUMA,LA,70360,(866) 899-5631
808,HAMMOND LA,,2100 ROBIN AVE,HAMMOND,LA,70403,(855) 848-7937
809,NATCHITOCHES LA,,950 KEYSER AVE,NATCHITOCHES,LA,71457,(855) 634-4195
810,OPELOUSAS LA,,5097 I49 S SERVICE RD,OPELOUSAS,LA,70570,(866) 698-3338
812,MORGAN CITY LA,,1279 CLOTHILDE ST,MORGAN CITY,LA,70380,(855) 433-5874
813,AUSTIN TX,,1029 CAMINO LA COSTA,AUSTIN,TX,78752,(866) 627-6991
814,DALLAS NORTH TX,,10824 N.CENTRAL EXPWY,DALLAS,TX,75231,(866) 572-2492
815,SAN ANTONIO CENTRAL,,402 ISOM RD,SAN ANTONIO,TX,78216,(866) 571-0718
816,HOUSTON SOUTHWEST TX,,10703 STANCLIFF RD,HOUSTON,TX,77099,(866) 592-1608
817,EL PASO TX,,11111 GATEWAY W BLVD,EL PASO,TX,79935,(866) 563-9310
818,BEAUMONT TX,SUITE A,8455 DISHMAN RD,BEAUMONT,TX,77713,(866) 613-2864
819,TYLER TX,,5509  DONNYBROOK AVE,TYLER,TX,75703,(877) 319-5707
820,AMARILLO TX,,4750  CANYON DR,AMARILLO,TX,79109,(877) 803-6318
821,FORTWORTH TX,RM 1-A-01 FEDERAL BLDG,819 TAYLOR ST,FORT WORTH,TX,76102,(866) 704-4858
822,SAN ANGELO TX,,2851 SOUTHWEST BLVD,SAN ANGELO,TX,76904,(877) 840-5742
823,WICHITA FALLS TX,,4314 WENDOVER ST,WICHITA FALLS,TX,76309,(866) 815-9605
824,BROWNSVILLE TX,,3115 CENTRAL BLVD,BROWNSVILLE,TX,78520,(866) 964-6486
825,CORPUS CHRISTI TX,,3801 S PORT AVE,CORPUS CHRISTI,TX,78415,(866) 613-2859
826,WACO TX,STE A,1700 LAKE AIR DR,WACO,TX,76710,(866) 964-6304
827,LUBBOCK TX,,5825 16TH STREET,LUBBOCK,TX,79416,(866) 467-0460
828,LEAGUE CITY,,2835 GULF FRWY SOUTH,LEAGUE CITY,TX,77573,(866) 299-3254
829,ABILENE TX,,1202 E SOUTH 11TH ST,ABILENE,TX,79602,(877) 607-9525
830,PORT ARTHUR TX,,8208 9TH AVE,PORT ARTHUR,TX,77642,(866) 964-1720
831,PARIS TX,,2805 PINE MILL ROAD,PARIS,TX,75460,(888) 619-4772
832,BIG SPRING TX,,2006 EAST FM 700,BIG SPRING,TX,79720,(888) 748-2018
833,LUFKIN TX,,702 EAST DENMAN,LUFKIN,TX,75901,(877) 407-3442
834,ODESSA TX,,2015 E 37TH ST,ODESSA,TX,79762,(866) 404-1866
835,LONGVIEW TX,,611 CLINIC DR,LONGVIEW,TX,75605,(888) 617-0455
836,BRYAN TX,,2120 W BRIARGATE DR,BRYAN,TX,77802,(866) 568-9428
837,SHERMAN TX,,600 EAST PEYTON,SHERMAN,TX,75090,(877) 405-3521
838,TEMPLE TX,,511 NORTH MAIN,TEMPLE,TX,76501,(866) 593-1341
839,VICTORIA TX,,8208 NE ZAC LENTZ PKWY,VICTORIA,TX,77904,(877) 229-3536
840,LAREDO TX,,215 CALLE DEL NORTE,LAREDO,TX,78041,(866) 704-4857
841,MCALLEN TX,,3004 N MCCOLL RD,MCALLEN,TX,78501,(855) 886-9628
842,BROWNWOOD TX,SPACE 28 HEARTLAND MAL,300 EARLY BLVD,EARLY,TX,76802,(877) 405-3630
843,CORSICANA TX,,221 S 45TH ST,CORSICANA,TX,75110,(888) 456-9551
844,EAGLE PASS TX,,406 SOUTH TEXAS DRIVE,EAGLE PASS,TX,78852,(888) 862-4864
845,GREENVILLE TX,,2717 TERRELL ROAD,GREENVILLE,TX,75402,(888) 306-3534
846,PALESTINE TX,,215 MEDICAL DRIVE,PALESTINE,TX,75801,(866) 495-0089
847,PAMPA TX,,2333 N HOBART ST,PAMPA,TX,79065,(877) 897-0603
850,PASADENA TX,,3300 WATTERS ROAD,PASADENA,TX,77504,(866) 563-4603
851,DALLAS FAIR PARK TX,,2530 S MALCOLM X BLVD,DALLAS,TX,75215,(888) 717-1529
852,SAN ANTONIO NW TX,,411 RICHLAND HILLS DR,SAN ANTONIO,TX,78245,(877) 697-4799
853,DALLAS OAK CLIFF TX,2475 CLIFF CREEK,CROSSING,DALLAS,TX,75237,(866) 931-4958
855,HOUSTON NORTHWEST TX,,16200 DILLARD DR,HOUSTON,TX,77040,(866) 331-3277
856,HOUSTON NORTHEAST TX,,5414 ALDINE MAIL RD,HOUSTON,TX,77039,(866) 931-2729
857,HOUSTON SOUTHEAST TX,,8989 LAKES AT 610 DR,HOUSTON,TX,77054,(866) 404-1861
858,ALBUQUERQUE NM,SUITE 100,500 LEAD AVE SW,ALBUQUERQUE,NM,87102,(866) 613-9961
859,ROSWELL NM,500 N RICHARDSON AVENUE,ROOM 122,ROSWELL,NM,88201,(866) 563-9470
860,SANTA FE NM,,1922 5TH STREET,SANTA FE,NM,87505,(866) 571-8130
861,GALLUP NM,,2070 EAST AZTEC AVENUE,GALLUP,NM,87301,(888) 810-3744
862,CLOVIS NM,ODAR,1208 ARCINEIGA DR,CLOVIS,NM,88101,(866) 931-9945
863,LAS CRUCES NM,,2141 SUMMIT COURT,LAS CRUCES,NM,88011,(866) 563-9294
864,FARMINGTON NM,,4650 N BUTLER,FARMINGTON,NM,87401,(866) 931-7656
865,HELENA MT,SUITE 1600,10 W 15TH ST,HELENA,MT,59626,(866) 563-9496
866,BUTTE MT,,2201 HARRISON,BUTTE,MT,59701,(888) 632-7068
868,BILLINGS MT,ROOM 304,2900 4TH AVE N,BILLINGS,MT,59101,(866) 895-1795
869,GREAT FALLS MT,,2008 23RD ST. S.,GREAT FALLS,MT,59405,(877) 583-4114
870,ST AUGUSTINE FL,,2428 OLD MOULTRIE ROAD,ST AUGUSTINE,FL,32086,(877) 405-5867
871,MISSOULA MT,,3701 AMERICAN WAY,MISSOULA,MT,59808,(866) 931-9029
872,KALISPELL MT,275 CORPORATE DR,SUITE D,KALISPELL,MT,59901,(888) 487-0150
873,MID CITIES TX,,2010 N STATE HWY 360,GRAND PRAIRIE,TX,75050,(855) 722-3499
874,ALICE TX,,1000 MEDICAL CTR BLVD,ALICE,TX,78332,(888) 388-8744
875,HARLINGEN TX,,2005 W JEFFERSON AVE,HARLINGEN,TX,78550,(866) 931-7075
876,CHEYENNE WY,SUITE 140,3001 E PERSHING BLVD,CHEYENNE,WY,82001,(866) 336-7580
877,CASPER WY,ROOM 1008,150 E B ST,CASPER,WY,82601,(866) 964-3972
878,RHINELANDER WI,,2023 NAVAJO ST,RHINELANDER,WI,54501,(888) 868-8185
880,SAN ANTONIO SOUTH TX,,3438 E SOUTHCROSS BLVD,SAN ANTONIO,TX,78223,(866) 964-7432
881,SAULT ST MARIE MI,STE 1,2861 ASHMUN ST,SAULT SAINTE MARIE,MI,49783,(855) 285-6007
882,DENVER CO,2ND FL SUITE 200,1500 CHAMPA ST,DENVER,CO,80202,(866) 613-9904
883,PUEBLO CO,,3769 PARKER BLVD,PUEBLO,CO,81008,(888) 737-1761
884,GRAND JUNCTION CO,,825 NORTH CREST DRIVE,GRAND JUNCTION,CO,81506,(866) 931-7120
885,GREELEY CO,SUITE A,5400 WEST 11 ST,GREELEY,CO,80634,(877) 405-9195
886,TRINIDAD CO,,111 WAVERLY AVENUE,TRINIDAD,CO,81082,(866) 755-5009
887,COLORADO SPRINGS CO,,2306 E PIKES PEAK AVE,COLORADO SPRINGS,CO,80909,(888) 880-0688
888,ALAMOSA CO,,602 DEL SOL DRIVE 1-A,ALAMOSA,CO,81101,(888) 475-0297
889,LOUISVILLE CO,,480 W DAHLIA ST,LOUISVILLE,CO,80027,(877) 405-5872
890,DURANGO CO,SUITE 120,103 SHEPPARD DRIVE,DURANGO,CO,81303,(888) 472-6115
891,FORT COLLINS CO,4TH FLOOR,301 S HOWES ST,FT COLLINS,CO,80521,(866) 336-7385
893,BOISE ID,SUITE 101,1249 S VINNELL WAY,BOISE,ID,83709,(855) 377-9316
894,POCATELLO ID,SUITE B,861 JEFFERSON AVE,POCATELLO,ID,83201,(866) 643-3407
895,LEWISTON ID,,1617 19TH AVE,LEWISTON,ID,83501,(877) 405-9796
896,TWIN FALLS ID,,1437 FILLMORE ST,TWIN FALLS,ID,83301,(866) 748-2087
897,IDAHO FALLS ID,,2196 CHANNING WAY,IDAHO FALLS,ID,83404,(866) 253-0489
898,COEUR D ALENE I,SUITE 100,7400 N MINERAL DRIVE,COEUR D'ALENE,ID,83815,(866) 931-2523
899,CALDWELL ID,,1118 SOUTH KIMBALL AVE,CALDWELL,ID,83605,(877) 836-1560
900,SALT LAKE CITY UTAH,SUITE 500,175 EAST 400 SOUTH,SALT LAKE CITY,UT,84111,(866) 851-5275
901,OGDEN UT,2ND FL FOB,324 25TH STREET,OGDEN,UT,84401,(877) 378-9081
902,PROVO UT,J. WILL ROBINSON FOB,88 WEST 100 NORTH,PROVO,UT,84601,(866) 366-9549
903,CASA GRANDE AZ,SUITE 2,1637 E MONUMENT PLZ CR,CASA GRANDE,AZ,85122,(877) 405-0403
904,BOYLE HEIGHTS CA,,215 N SOTO STREET,LOS ANGELES,CA,90033,(866) 964-1775
906,HEMET CA,,3095 W DEVONSHIRE AVE,HEMET,CA,92545,(855) 207-7083
907,PHOENIX NORTH AZ,,16241 N TATUM BLVD,PHOENIX,AZ,85032,(866) 348-7855
908,TUCSON AZ,,3808 N 1ST AVE,TUCSON,AZ,85719,(866) 331-7693
909,PRESCOTT AZ,,205 N MARINA,PRESCOTT,AZ,86301,(877) 457-1733
910,RICE LAKE WI,,1703 W KNAPP STREET,RICE LAKE,WI,54868,(888) 823-3923
911,YUMA AZ,,325 W 19TH ST SUITE 1,YUMA,AZ,85364,(866) 613-2970
912,APACHE JUNCTION AZ,,253 W SUPERSTITION BLV,APACHE JUNCTION,AZ,85120,(866) 964-7417
913,PHOENIX DOWNTOWN AZ,SUITE 100,250 N SEVENTH AVE,PHOENIX,AZ,85007,(866) 964-4852
914,GLENDALE AZ,,5907 W KINGS AVE,GLENDALE,AZ,85306,(888) 886-7213
915,SPOKANE WA,SUITE 100,714 N IRON BRIDGE WAY,SPOKANE,WA,99202,(866) 331-5532
916,SEATTLE METRO WA,SUITE 901,915 2ND AVE,SEATTLE,WA,98174,(866) 494-3135
917,TACOMA WA,SUITE A,2608 S 47TH ST,TACOMA,WA,98409,(888) 487-9229
918,OLYMPIA WA,,402 YAUGER WAY SW,OLYMPIA,WA,98502,(866) 755-6199
919,YAKIMA WA,,801 FRUITVALE BLVD,YAKIMA,WA,98902,(866) 338-8552
920,BELLINGHAM WA,,710 ALABAMA ST,BELLINGHAM,WA,98225,(866) 256-6906
921,GRAYS HARBOR WA,,820 SIMPSON AVE,HOQUIAM,WA,98550,(855) 634-4197
922,EVERETT WA,,3809 BROADWAY,EVERETT,WA,98201,(866) 563-4595
923,VANCOUVER WA,SUITE 500,805 BROADWAY ST,VANCOUVER,WA,98660,(866) 605-8967
924,WENATCHEE WA,STE 212,301 YAKIMA STREET,WENATCHEE,WA,98801,(877) 669-3125
925,WALLA WALLA WA,,880 NE ROSE ST,COLLEGE PLACE,WA,99324,(866) 366-7814
926,KITSAP WA,,9594 MICKELBERRY RD NW,SILVERDALE,WA,98383,(855) 820-0098
927,TRI-CITIES WA,SUITE A,8131 W KLAMATH CT,KENNEWICK,WA,99336,(866) 269-6671
928,LONGVIEW WA,SUITE 150,840 OCEAN BEACH HWY,LONGVIEW,WA,98632,(866) 495-0044
929,MESA AZ,,702 W JEROME AVENUE,MESA,AZ,85210,(866) 964-1716
930,SOUTH TUCSON AZ,SUITE 100,88 W 38TH ST,TUCSON,AZ,85713,(866) 220-7896
931,SAN MARCOS CA,,367 VIA VERA CRUZ,SAN MARCOS,CA,92078,(866) 614-4769
932,PORTLAND METRO OR,,1538 SW YAMHILL ST,PORTLAND,OR,97205,(888) 632-6990
933,EUGENE OR,,2504 OAKMONT WAY,EUGENE,OR,97401,(866) 563-3450
935,SALEM OR,STE 110,1750 MCGILCHRIST ST SE,SALEM,OR,97302,(866) 593-1559
936,LA GRANDE OR,,2205 COVE AVE,LA GRANDE,OR,97850,(888) 810-7611
937,MEDFORD OR,SUITE 101,3501 EXCEL DR,MEDFORD,OR,97504,(866) 931-7943
938,NORTH BEND OR,,3661 BROADWAY,NORTH BEND,OR,97459,(866) 275-9901
939,ROSEBURG OR,,1730 NW HUGHWOOD AVE,ROSEBURG,OR,97471,(866) 614-0031
940,PORTLAND-EAST O,,17925 SE DIVISION ST,PORTLAND,OR,97236,(866) 331-6402
941,OREGON CITY,,194 BEVERLY DRIVE,OREGON CITY,OR,97045,(866) 964-4264
942,DELANO CA,BUILDING C,2234 GIRARD STREET,DELANO,CA,93215,(866) 635-0287
943,WEST COVINA CA,SUITE 201,501 S VINCENT AVE,WEST COVINA,CA,91790,(866) 964-0162
944,PORTERVILLE CA,,890 W MORTON AVENUE,PORTERVILLE,CA,93257,(866) 388-8903
945,RENO NV,,1170 HARVARD WAY,RENO,NV,89502,(888) 808-5481
946,LAS VEGAS NV,SUITE 150,1250 S BUFFALO DR,LAS VEGAS,NV,89117,(866) 704-4859
947,MADERA CA,,348 E YOSEMITE AVE,MADERA,CA,93638,(877) 405-1453
948,WATSONVILLE CA,SUITE 301,180 WESTGATE DRIVE,WATSONVILLE,CA,95076,(800) 521-3385
949,CARROLLWOOD FL,SUITE 100,4010 GUNN HIGHWAY,TAMPA,FL,33618,(855) 433-5873
950,SF DOWNTOWN CA,ANNEX 1ST FL,90 7TH ST,SAN FRANCISCO,CA,94103,(866) 964-5051
951,LOS ANGELES DOWNTOWN,6TH FLOOR,611 W 6TH STREET,LOS ANGELES,CA,90017,(877) 803-6308
952,FRESNO CA,,640 W LOCUST AVENUE,FRESNO,CA,93650,(866) 931-9041
953,OAKLAND DT CA,SUITE 400,360 22ND ST,OAKLAND,CA,94612,(866) 964-7420
954,SAN DIEGO CA,,1333 FRONT STREET,SAN DIEGO,CA,92101,(855) 820-0097
955,SACRAMENTO CA,SUITE A,8581 FOLSOM BLVD,SACRAMENTO,CA,95826,(877) 274-5419
956,EUREKA CA,,3144 BROADWAY,EUREKA,CA,95501,(866) 828-1991
957,PASADENA CA,,104 N MENTOR AVENUE,PASADENA,CA,91106,(877) 255-1508
958,LONG BEACH CA,,2005 LONG BEACH BLVD,LONG BEACH,CA,90806,(888) 256-2631
959,SAN BERNARDINO CA,SUITE 101,605 N ARROWHEAD AVE,SAN BERNARDINO,CA,92401,(866) 331-7132
960,SAN JOSE CA,ROOM 244 2ND FLOOR,280 S FIRST STREET,SAN JOSE,CA,95113,(866) 331-2235
961,SANTA BARBARA CA,,122 W FIGUEROA ST,SANTA BARBARA,CA,93101,(866) 695-6285
962,STOCKTON CA,,4747 FEATHER RIVER DR,STOCKTON,CA,95219,(877) 803-6314
963,BAKERSFIELD CA,,5300 OFFICE PARK DRIVE,BAKERSFIELD,CA,93309,(866) 476-1489
964,SANTA ROSA CA,2099 RANGE AVENUE,BUILDING A,SANTA ROSA,CA,95401,(877) 870-6384
965,GLENDALE CA,SUITE 600,225 W BROADWAY,GLENDALE,CA,91204,(855) 886-9633
966,HUNTINGTON PARK CA,,6303 RUGBY AVENUE,HUNTINGTON PARK,CA,90255,(866) 931-9941
967,SAN MATEO CA,SUITE 101,800 SOUTH CLAREMONT ST,SAN MATEO,CA,94402,(866) 726-8193
968,HOLLYWOOD CA,,1122 N VINE ST,HOLLYWOOD,CA,90038,(866) 613-2861
969,REDDING CA,SUITE A,2660 PARK MARINA DR,REDDING,CA,96001,(866) 964-1236
970,L.A. WESTWOOD CA,SUITE 300,11500 W OLYMPIC BLVD,LOS ANGELES,CA,90064,(866) 964-4779
971,INGLEWOOD CA,,230 EAST SPRUCE AVENUE,INGLEWOOD,CA,90301,(866) 331-7694
972,SANTA ANA CA,FIFTH FLOOR,1851 EAST FIRST STREET,SANTA ANA,CA,92705,(888) 366-6146
973,VALLEJO CA,SUITE A,106 PLAZA DR,VALLEJO,CA,94591,(888) 808-5487
974,VENTURA CA,SUITE 1,6477 TELEPHONE ROAD,VENTURA,CA,93003,(877) 651-7118
975,PANORAMA CITY CA,14500 ROSCOE BLVD,SUITE 207,PANORAMA CITY,CA,91402,(866) 341-0785
976,BERKELEY CA,,2045 ALLSTON WAY,BERKELEY,CA,94704,(877) 531-4696
978,MODESTO CA,SUITE E1,1521 N CARPENTER RD,MODESTO,CA,95351,(888) 748-7698
979,CHICO CA,STE 150,1370 E. LASSEN AVE,CHICO,CA,95973,(866) 964-7585
980,VISALIA CA,,1901 E NOBLE AVENUE,VISALIA,CA,93292,(866) 344-8475
981,POMONA VALLEY CA,,960 W MISSION BLVD,POMONA,CA,91766,(888) 808-5486
982,WHITTIER CA,SUITE 200,7200 GREENLEAF,WHITTIER,CA,90602,(866) 336-2187
983,TORRANCE CA,SUITE 150,20000 MARINER AVE,TORRANCE,CA,90503,(877) 319-0732
984,SALINAS CA,SUITE 155,928 EAST BLANCO RD,SALINAS,CA,93901,(877) 600-2857
985,EL CENTRO CA,,3007 N IMPERIAL AVE,EL CENTRO,CA,92243,(866) 593-5680
986,SAN LUIS OBISPO CA,,3240 S HIGUERA ST,SAN LUIS OBISPO,CA,93401,(855) 207-4865
987,OCEANSIDE CA,,2160 S EL CAMINO REAL,OCEANSIDE,CA,92054,(855) 287-4793
988,SAN RAFAEL CA,SUITE 200,99 SMITH RANCH ROAD,SAN RAFAEL,CA,94903,(866) 331-7761
989,YUBA CITY CA,,355 PERCY AVENUE,YUBA CITY,CA,95991,(866) 331-5449
990,HONOLULU HI,RM 1-114 FED BLDG,300 ALA MOANA BLVD,HONOLULU,HI,96850,(855) 572-4879
991,HILO HI,SUITE 710,111 E PUAINAKO ST,HILO,HI,96720,(855) 572-4860
993,LIHUE HI,SUITE 105,4334 RICE STREET,LIHUE,HI,96766,(855) 572-4842
996,JUNEAU AK,PO BOX 21327,709 W 9TH ST. ROOM 231,JUNEAU,AK,99802,(800) 478-7124
997,ANCHORAGE AK,ROOM A11,222 W 8TH AVE,ANCHORAGE,AK,99513,(866) 772-3081
998,FAIRBANKS AK,RM 138,101 12TH AVENUE,FAIRBANKS,AK,99701,(800) 478-0391
00K,RIO RANCHO NM,,4433 JAGER DR NE,RIO RANCHO,NM,87144,(866) 530-7783
00N,SAN ANTONIO DOWNTOWN,RM 701 7TH FLOOR,727 E CESAR CHAVEZ,SAN ANTONIO,TX,78206,(877) 405-0482
00Y,AUSTIN SOUTH TX,BLDG B,5508 HWY 290 WEST,AUSTIN,TX,78735,(855) 221-3523
11A,MISSION TX,,1013 BUSINESS PARK DR,MISSION,TX,78572,(855) 245-0647
A00,HENDERSON NV,,10416 S EASTERN AVENUE,HENDERSON,NV,89052,(855) 207-7088
A01,SUSANVILLE,,2603 RIVERSIDE DR,SUSANVILLE,CA,96130,(855) 420-8563
A03,YREKA CA,,1960 S. OREGON STREET,YREKA,CA,96097,(888) 366-6145
A06,PT CHARLOTTE FL,SUITE 200,1600 TAMIAMI TRAIL,PORT CHARLOTTE,FL,33948,(877) 405-0490
A07,ST GEORGE UT,SUITE 1100,1091 NORTH BLUFF ST,SAINT GEORGE,UT,84770,(866) 446-7085
A09,THOUSAND OAKS CA,SUITE 110,322 E THOUSAND OAKS BL,THOUSAND OAKS,CA,91360,(888) 397-4807
A10,SANTA CLARITA CA,"3RD FLOOR, STE 320",27200 TOURNEY RD,VALENCIA,CA,91355,(888) 632-7072
A14,VENICE FL,114,1435 E VENICE AVE,VENICE,FL,34292,(888) 676-2944
A15,COLORADO RIVER BASIN / NEEDLES CA,,1502 BAILEY AVENUE,NEEDLES,CA,92363,(866) 596-7946
A16,KISSIMMEE FL,,1201 E OAK ST,KISSIMMEE,FL,34744,(866) 614-4754
A17,CRESCENT CITY CA,,560 E HOOVER AVE,CRESCENT CITY,CA,95531,(855) 727-3600
A20,FT WALTON BEACH FL,,111B RACETRACK RD NW,FORT WALTON BEACH,FL,32547,(866) 331-2194
A21,CULLMAN AL,,1908 COMMERCE AVE NW,CULLMAN,AL,35055,(877) 803-6323
A23,EAST HARTFORD CT,,478 BURNSIDE AVENUE,EAST HARTFORD,CT,06108,(866) 706-6759
A24,SACO ME,SUITE 1450,110 MAIN ST,SACO,ME,04072,(877) 253-4715
A25,GLASSBORO NJ,,830 DELSEA DR NORTH,GLASSBORO,NJ,08028,(866) 883-5305
A26,TOMS RIVER NJ,,190 ST CATHERINE BLVD,TOMS RIVER,NJ,08755,(877) 255-1497
A27,RIO GRANDE NJ,,1046 ROUTE 47 SOUTH,RIO GRANDE,NJ,08242,(877) 405-9194
A29,GUAYAMA PR,EDIF CFSE PISO 3,54 RD 3 ALBIZU CAMPOS,GUAYAMA,PR,00784,(866) 272-8158
A30,HUMACAO PR,SUITE 295,260 BOULEVARD DEL RIO,HUMACAO,PR,00791,(866) 604-3335
A31,CAROLINA PR,5829 65 INF AVE,STE 201,CAROLINA,PR,00987,(833) 882-1202
A32,LAKEPORT CA,STE A,991 PARALLEL DR,LAKEPORT,CA,95453,(888) 676-2666
A33,ROCKVILLE MD,,315 N WASHINGTON ST,ROCKVILLE,MD,20850,(866) 838-5341
A34,MT LEBANON PA,SUITE 120,650 WASHINGTON ROAD,PITTSBURGH,PA,15228,(888) 717-1525
A35,CARLISLE PA,,200 S SPRING GARDEN ST,CARLISLE,PA,17013,(866) 635-0507
A38,FREDERICKSBURG,,9915 JEFF DAVIS HWY,FREDERICKSBURG,VA,22407,(888) 759-3919
A39,MANASSAS VA,,9500 CENTER STREET,MANASSAS,VA,20110,(855) 210-0123
A40,MARTINSVILLE VA,,320 W COMMONWEALTH BLV,MARTINSVILLE,VA,24112,(877) 405-9780
A41,CHESTERFIELD,600 SOUTHLAKE BLVD,SUITE 100,NORTH CHESTERFIELD,VA,23236,(877) 773-7231
A43,WINTER HAVEN FL,,1395 NW HAVENDALE BLVD,WINTER HAVEN,FL,33881,(877) 457-1739
A44,STATESBORO GA,,1050 BRANNEN ST,STATESBORO,GA,30461,(866) 748-2088
A45,LOUISVILLE EAST KY,SUITE 50,10503 TIMBERWOOD CIR,LOUISVILLE,KY,40223,(888) 280-5851
A46,RICHMOND KY,,1060 GIBSON BAY DRIVE,RICHMOND,KY,40475,(866) 838-8945
A47,PHILADELPHIA MS,,100 PILOT ST,PHILADELPHIA,MS,39350,(877) 531-4681
A48,WHITEVILLE NC,,204 S LEE ST,WHITEVILLE,NC,28472,(877) 779-7257
A49,WILSON NC,,1911 WESTWOOD AVE W,WILSON,NC,27893,(866) 366-5804
A51,OAK RIDGE TN,,565 OAK RIDGE TPKE,OAK RIDGE,TN,37830,(888) 676-2954
A53,MORONGO BASIN CA,,56492 29 PALMS HWY,YUCCA VALLEY,CA,92284,(877) 325-7417
A55,WOODRIDGE IL,,7440 PROVIDENCE DR,WOODRIDGE,IL,60517,(866) 303-2724
A56,LITCHFIELD IL,,1107 W FERDON,LITCHFIELD,IL,62056,(877) 319-3077
A57,BELLE GLADE FL,,925 SE 1ST STREET,BELLE GLADE,FL,33430,(855) 257-0983
A58,CHICAGO SW SUBU,,10718 S ROBERTS RD,PALOS HILLS,IL,60465,(877) 405-4568
A59,PEKIN IL,,2801 BROADWAY,PEKIN,IL,61554,(877) 405-0499
A60,WOODSTOCK IL,,2450 LAKE SHORE DR,WOODSTOCK,IL,60098,(877) 405-7828
A61,WEST BEND WI,,1145 VERN STREET,WEST BEND,WI,53090,(888) 655-0843
A63,WYANDOTTE MI,,3450 BIDDLE AVE      .,WYANDOTTE,MI,48192,(866) 964-7407
A64,BATAVIA OH,,1050 HOSPITAL DR,BATAVIA,OH,45103,(800) 453-0494
A65,MIDDLETOWN OHIO,,3715 TOWNE BLVD,FRANKLIN,OH,45005,(877) 457-1738
A66,RAVENNA OH,,444 ENTERPRISE PARKWAY,RAVENNA,OH,44266,(855) 863-3562
A67,HARRISON AR,,131 W INDUSTRIAL PK RD,HARRISON,AR,72601,(877) 512-3851
A68,SEARCY AR,,701 AIRPORT LOOP,SEARCY,AR,72143,(855) 686-1467
A69,BOGALUSA LA,,438 AVENUE B,BOGALUSA,LA,70427,(888) 748-7678
A70,ORL WEST LA,,115 TERRY PKWY,TERRYTOWN,LA,70056,(866) 931-2524
A71,KENNER LA,,1616 JOE YENNI BLVD,KENNER,LA,70065,(888) 850-2232
A72,ANGLETON TX,,2921 N VALDERAS ST,ANGLETON,TX,77515,(866) 338-2940
A73,DENTON TX,,2201 COLORADO BLVD,DENTON,TX,76205,(888) 717-1530
A74,CONROE TX,,600 SGT ED HOLCOMB BLV,CONROE,TX,77304,(866) 614-0032
A75,KERRVILLE TX,,1060 GUADALUPE ST,KERRVILLE,TX,78028,(877) 895-0043
A76,MCKINNEY TX,,3250 CRAIG DR,MCKINNEY,TX,75070,(866) 931-2731
A78,FOUNTAIN VALLEY CA,SUITE B,17075 NEWHOPE STREET,FOUNTAIN VALLEY,CA,92708,(877) 304-1566
A79,NAPA CA,SUITE 102,1850 SOSCOL AVE,NAPA,CA,94559,(877) 836-1559
A80,BURBANK CA,,1420 W OLIVE AVE,BURBANK,CA,91506,(888) 748-7699
A81,CRAWFORDSVILLE,,1515 S GRANT AVE,CRAWFORDSVILLE,IN,47933,(888) 577-1498
A83,MOUNTAIN VIEW CA,701 N. SHORELINE BLVD.,1ST FLOOR,MOUNTAIN VIEW,CA,94043,(877) 319-0161
A85,UKIAH CA,,521 S ORCHARD AVE,UKIAH,CA,95482,(888) 590-2706
A87,VICTORVILLE CA,,13955 PARK AVE,VICTORVILLE,CA,92392,(877) 405-1435
A88,DALY CITY CA,SUITE 201,355 GELLERT BLVD,DALY CITY,CA,94015,(888) 748-7702
A89,NEWPORT RI,1ST FLR,130 BELLEVUE AVE,NEWPORT,RI,02840,(866) 253-5607
A92,CULPEPER VA,,1014 S MAIN ST,CULPEPER,VA,22701,(877) 531-4694
A94,LEWISTOWN PA,,208 WEST 3RD STREET,LEWISTOWN,PA,17044,(888) 306-4336
A96,WESTMINSTER MD,UNIT 10,125 AIRPORT DR,WESTMINSTER,MD,21157,(877) 694-5496
A97,EAST STROUDSBURG PA,,9090 FRANKLIN HILL RD STE 101,EAST STROUDSBURG,PA,18301,(888) 835-6169
A98,DADE CITY FL,,36630 ADAIR ROAD,DADE CITY,FL,33525,(866) 562-1325
A99,CLEVELAND MS,,407 INDUSTRIAL PARKWAY,CLEVELAND,MS,38732,(877) 405-4638
B00,HATO TEJAS PR,METRO MEDICAL CENTER,"7 FL, ROAD 2 KM 12.3",BAYAMON,PR,00959,(855) 748-7638
B01,SHELBY NC,,707 SCHENCK ST,SHELBY,NC,28150,(877) 405-3576
B02,CORINTH MS,,1050 S. HARPER RD,CORINTH,MS,38834,(866) 366-4921
B03,UNION CITY TN,,1800 OLD TROY RD,UNION CITY,TN,38261,(877) 401-5904
B05,SANFORD NC,,401 TIFFANY DR,SANFORD,NC,27330,(877) 319-5774
B06,ALBERTVILLE AL,,406 MARTLING ROAD,ALBERTVILLE,AL,35951,(800) 521-0073
B07,BRAINERD LAKES AREA MN,,8331 BRANDON ROAD,BAXTER,MN,56425,(866) 331-9087
B08,LAWRENCEBURG TN,,109 E TAYLOR STREET,LAWRENCEBURG,TN,38464,(877) 405-5866
B09,BROOKHAVEN MS,,1392 JOHNNY JOHNSON DR,BROOKHAVEN,MS,39601,(877) 405-3568
B10,HENDERSON NC,,858 S BECKFORD DR,HENDERSON,NC,27536,(877) 628-6584
B11,REIDSVILLE NC,,2402 FREEWAY DR,REIDSVILLE,NC,27320,(866) 748-2091
B13,SEBRING FL,,3700 COMMERCIAL DRIVE,SEBRING,FL,33870,(877) 405-0415
B14,GRENADA MS,,2383 SUNSET DRIVE,GRENADA,MS,38901,(866) 593-8523
B15,KOSCIUSKO MS,,80 VETERANS MEMORIAL DR,KOSCIUSKO,MS,39090,(866) 875-5995
B16,MT AIRY NC,1187 NORTH ANDY,GRIFFITH PARKWAY,MOUNT AIRY,NC,27030,(866) 587-4418
B17,WASHINGTON NC,,1633 JOHN SMALL AVE,WASHINGTON,NC,27889,(866) 574-2589
B19,MCMINNVILLE TN,,900 SPARTA ST,MCMINNVILLE,TN,37110,(877) 616-2515
B20,HENDERSON KY,BUILDING 3,2000 N ELM ST,HENDERSON,KY,42420,(855) 628-1593
B21,VERO BEACH FL,,724 20TH ST,VERO BEACH,FL,32960,(866) 964-7414
B23,TOCCOA GA,,155 BIG A RD,TOCCOA,GA,30577,(877) 405-7655
B24,PRESTONSBURG KY,,1897 KY RT 321,PRESTONSBURG,KY,41653,(888) 450-4538
B25,VILLA RICA GA,,908 S CARROLL RD,VILLA RICA,GA,30180,(866) 331-2318
B27,MAYFIELD KY,,1526 CUBA ROAD,MAYFIELD,KY,42066,(866) 931-8366
B28,HOLLAND MI,,657 HASTINGS AVE,HOLLAND,MI,49423,(877) 223-6062
B29,XENIA OH,,80 N PROGRESS DR,XENIA,OH,45385,(866) 755-5372
B30,MEDINA OH,,4035 N JEFFERSON ST,MEDINA,OH,44256,(866) 613-2774
B31,ADRIAN MI,SUITE 2401,1040 S WINTER ST,ADRIAN,MI,49221,(877) 512-5943
B32,BOWLING GREEN OH,,745 INNOVATION DRIVE,BOWLING GREEN,OH,43402,(866) 931-7674
B33,OWOSSO MI,,306 NORTH GOULD STREET,OWOSSO,MI,48867,(855) 628-1592
B34,CORALVILLE IA,SUITE 100,1100 6TH STREET,CORALVILLE,IA,52241,(866) 964-2039
B35,NEVADA MO,,120 S COMMERCE DR,NEVADA,MO,64772,(888) 808-5441
B36,MARSHALLTOWN IA,,2502 SOUTH 2ND STREET,MARSHALLTOWN,IA,50158,(877) 819-2595
B37,AMES IA,,2615 UNIVERSITY BLVD,AMES,IA,50010,(866) 899-1928
B38,UNION MO,SUITE 5,43 PRAIRIE DELL PLZ,UNION,MO,63084,(866) 837-1063
B41,KIRKSVILLE MO,,1305 CROWN DRIVE,KIRKSVILLE,MO,63501,(888) 386-2705
B43,RUSTON LA,,2017 BULAR ST,RUSTON,LA,71270,(877) 405-7823
B46,STILLWATER OK,,406 E HALL OF FAME AVE,STILLWATER,OK,74075,(888) 366-6143
B47,CLEBURNE TX,,1711 W. HENDERSON,CLEBURNE,TX,76033,(866) 227-1616
B48,BRENHAM TX,,2901 VICTORY LN,BRENHAM,TX,77833,(855) 287-4792
B49,CONWAY AR,,2475 CHRISTINA LN,CONWAY,AR,72034,(855) 727-3599
B50,MARSHALL TX,,1509 SEDBERRY ST,MARSHALL,TX,75670,(800) 467-5313
B51,SEGUIN TX,,927 S ST HWY 123 BYP,SEGUIN,TX,78155,(877) 445-0831
B52,NEW IBERIA LA,,417 SPANISH TOWN BLVD,NEW IBERIA,LA,70560,(866) 592-1496
B53,HOBBS NM,,501 E BENDER BLVD,HOBBS,NM,88240,(866) 254-2611
B55,LAS VEGAS NM,,2520 RIDGE RUNNER RD,LAS VEGAS,NM,87701,(866) 635-0856
B56,VIRGINIA BEACH,SUITE 100,2875 SABRE ST,VIRGINIA BEACH,VA,23452,(888) 377-5237
B57,FLAGSTAFF AZ,,2715 S WOODLANDS VLG B,FLAGSTAFF,AZ,86001,(877) 319-0735
B58,MISSION VIEJO CA,,26051 ACERO ROAD,MISSION VIEJO,CA,92691,(888) 306-9878
B59,LAKEWOOD CA,,4957 PARAMOUNT BLVD,LAKEWOOD,CA,90712,(866) 964-6484
B60,FREMONT CA,SUITE 100,3100 MOWRY AVE,FREMONT,CA,94538,(888) 632-7073
B62,DOUGLAS AZ,,600 E 15TH ST,DOUGLAS,AZ,85607,(877) 480-4858
B63,ANTIOCH CA,,2508 VERNE ROBERTS CIR,ANTIOCH,CA,94509,(866) 331-2324
B65,HANFORD CA,SUITE 101,330 NORTH HARRIS ST,HANFORD,CA,93230,(855) 207-4866
B67,OXNARD CA,SUITE 250,2000 OUTLET CENTER DR,OXNARD,CA,93036,(866) 931-8352
B68,ACCOMAC VA,ACCAWMACKE OFFICE PK,22581 CENTER PKWY,ACCOMAC,VA,23301,(866) 964-1019
B69,FONTANA CA,,10668 SIERRA AVE,FONTANA,CA,92337,(866) 726-7865
B73,MORENO VALLEY CA,22815 CALLE SAN JUAN,DE LOS LAGOS,MORENO VALLEY,CA,92553,(888) 590-2705
B74,LODI CA,STE 3,1110 W KETTLEMAN LANE,LODI,CA,95240,(888) 257-2641
B75,NOGALES AZ,,1760 N MASTICK WAY,NOGALES,AZ,85621,(877) 405-5472
B76,ALBANY OR,SUITE 110,1390 WAVERLY DRIVE SE,ALBANY,OR,97322,(877) 405-9196
B77,ONTARIO OR,,908 SE 5TH AVENUE,ONTARIO,OR,97914,(866) 403-8016
B78,PENDLETON OR,SUITE 100,1229 SE 3RD STREET,PENDLETON,OR,97801,(877) 405-0480
B80,LA MESA CA,,7961 UNIVERSITY AVE,LA MESA,CA,91942,(877) 405-1445
B87,HANOVER MA,STE 1,198 COLUMBIA RD,HANOVER,MA,02339,(877) 444-6898
B88,FALMOUTH MA,TECHNOLOGY PARK,48 RESEARCH RD,EAST FALMOUTH,MA,02536,(855) 881-0212
B89,MANATI PR,"SUITE 6, CARR #2",ESQ EXPRESO TO CIALES,MANATI,PR,00674,(866) 256-2681
B93,PEEKSKILL NY,3RD FL,ONE PARK PLACE,PEEKSKILL,NY,10566,(877) 840-5778
B95,EAST VILLAGE,,650 EAST 12TH ST,NEW YORK,NY,10009,(877) 405-1447
B96,RIDGE ROAD NY,SUITE 120,1900 RIDGE RD,WEST SENECA,NY,14224,(800) 647-9195
B97,WEST BABYLON NY,,510 PARK AVENUE,WEST BABYLON,NY,11704,(866) 964-7375
B99,BRIDGEWATER NJ,245 HIGHWAY 22,SUITE 207,BRIDGEWATER,NJ,08807,(866) 446-6198
C01,LONG ISLAND CITY,GROUND FLOOR,31-08 37TH AVENUE,LONG ISLAND CITY,NY,11101,(866) 837-1096
C04,HOBOKEN NJ,6TH FL,79 HUDSON ST,HOBOKEN,NJ,07030,(877) 505-4547
C07,GREENBELT MD,7401 FORBES BLVD,SUITE C,SEABROOK,MD,20706,(866) 338-4115
C10,BETHLEHEM PA,,555 MAIN ST,BETHLEHEM,PA,18018,(866) 783-7458
C11,MONROEVILLE PA,SUITE 210,400 OXFORD DRIVE,MONROEVILLE,PA,15146,(888) 527-9339
C14,POTTSTOWN PA,,80 ROBINSON ST,POTTSTOWN,PA,19464,(866) 964-7415
C15,ST ALBANS WV,,49 OLDE MAIN PLAZA,ST ALBANS,WV,25177,(866) 316-8153
C16,CLINTON SC,,292 PROFESSIONAL PARK RD,CLINTON,SC,29325,(866) 526-9854
C17,BIRMINGHAM EAST AL,TRUSSVILLE EXEC. PARK,1972 GADSDEN HWY.,BIRMINGHAM,AL,35235,(866) 613-2743
C18,NAPLES FL,SUITE 1114,"2659 PROFESSIONAL CIR,",NAPLES,FL,34119,(888) 294-0161
C19,FT LAUDERDALE W,SUITE 100,8501 W SUNRISE BLVD,PLANTATION,FL,33322,(866) 331-9093
C21,OLIVE BRANCH MS,,8760 MID SOUTH DR,OLIVE BRANCH,MS,38654,(866) 739-4771
C22,MARIANNA FL,,4125 JIREH COURT,MARIANNA,FL,32448,(888) 397-4815
C24,LITTLE RIVER FL,,8345 BISCAYNE BLVD,MIAMI,FL,33138,(877) 405-0468
C26,SOUTH PALM BEACH FL,SUITE 400,621 NW 53 ST,BOCA RATON,FL,33487,(877) 467-1703
C27,FAIRHOPE AL,,101 COURTHOUSE DR,FAIRHOPE,AL,36532,(866) 837-5964
C28,HARLAN KY,,189 VILLAGE CENTER,HARLAN,KY,40831,(888) 590-2707
C29,LITTLE HAVANA FL,3663 SW 8TH ST.,1ST FLOOR,MIAMI,FL,33135,(877) 714-0373
C31,WINDER GA,,389 EAST BROAD ST,WINDER,GA,30680,(866) 331-9071
C32,ALEXANDER CITY AL,,63 ALIANT PARKWAY,ALEXANDER CITY,AL,35010,(877) 405-0483
C37,MADISON TN,,140 CUDE LANE,MADISON,TN,37115,(866) 964-6302
C39,BROOKLYN CENTER,BROOKLYN XNG OFC PARK,3280 NORTHWAY DRIVE,BROOKLYN CENTER,MN,55429,(866) 931-0341
C40,BLOOMINGTON,SUITE 100,6161 AMERICAN BLVD W,BLOOMINGTON,MN,55438,(866) 964-7341
C41,INDIANAPOLIS NORTHEAST,,5515 NORTH POST ROAD,INDIANAPOLIS,IN,46216,(866) 220-7899
C43,FARMINGTON MI,,27650 FARMINGTON RD,FARMINGTON HILLS,MI,48334,(866) 331-2210
C44,INKSTER MI,,28657 CHERRY HILL RD,INKSTER,MI,48141,(866) 704-4860
C45,AHOSKIE NC,,1231 1ST ST W,AHOSKIE,NC,27910,(866) 828-3810
C46,CHESTERFIELD MI,,26200 21 MILE ROAD,CHESTERFIELD,MI,48051,(866) 635-0788
C47,DETROIT-SW MI,,5715 MICHIGAN AVE,DETROIT,MI,48210,(877) 319-0730
C48,CAMBRIDGE OH,SUITE 105,1225 WOODLAWN AVE,CAMBRIDGE,OH,43725,(866) 883-5281
C49,COUNCIL BLUFFS,MID-AMERICA CENTER,20 ARENA WAY STE 1,COUNCIL BLUFFS,IA,51501,(866) 331-9094
C51,ST LOUIS SOUTHWEST,,650 GRAVOIS BLUFFS BLVD,FENTON,MO,63026,(866) 331-2307
C52,LEBANON MO,,2546 S JEFFERSON AVE,LEBANON,MO,65536,(866) 931-7104
C53,MARYVILLE MO,,518 W SOUTH HILLS DR,MARYVILLE,MO,64468,(877) 833-2731
C54,BIG RAPIDS MI,STE A,502 N STATE ST,BIG RAPIDS,MI,49307,(855) 245-0641
C58,WATERTOWN SD,,514 JENSON AVE SE,WATERTOWN,SD,57201,(888) 737-1763
C62,SEATTLE NORTH WA,SUITE B,13510 AURORA AVE N,SEATTLE,WA,98133,(866) 931-2875
C63,BURIEN WA,,151 SW 156TH ST,BURIEN,WA,98166,(866) 964-7380
C64,MIDDLETOWN CT,3RD FLOOR,425 MAIN STREET,MIDDLETOWN,CT,06457,(877) 692-3145
C65,WATERVILLE ME,,14 COLBY STREET,WATERVILLE,ME,04901,(866) 931-9169
C67,NORTH ADAMS MA,,96 MARSHALL STREET,NORTH ADAMS,MA,01247,(877) 319-5709
C68,NORWICH CT,SUITE 380,55 MAIN ST,NORWICH,CT,06360,(888) 482-3170
C69,GARDNER MA,SUITE 2,354 MAIN ST,GARDNER,MA,01440,(844) 371-8116
C71,FAJARDO PR,RD #3 KM 42.4 QUEBRADA WARD,EASTERN PLAZA SHOPPING CENTER,FAJARDO,PR,00738,(855) 856-2728
C72,DUNKIRK NY,SUITE 2,437 MAIN ST,DUNKIRK,NY,14048,(888) 862-2139
C73,MT LAUREL NJ,532 FELLOWSHIP ROAD,SUITE E,MOUNT LAUREL,NJ,08054,(866) 837-5002
C77,WEST FARMS NY,,1829 SOUTHERN BLVD,BRONX,NY,10460,(866) 964-2558
C79,NEWTON NJ,,20 EAST CLINTON STREET,NEWTON,NJ,07860,(877) 575-5189
C80,LEWES DE,SUITE 101,12001 OLD VINE BLVD,LEWES,DE,19958,(866) 864-1803
C81,HAMPTON VA,GROUND FLOOR,1521 HARDY CASH DR,HAMPTON,VA,23666,(866) 592-2669
C83,HARRISONBURG VA,,351 NORTH MASON STREET,HARRISONBURG,VA,22802,(866) 964-1718
C85,TOWANDA PA,SUITE 1,1 ELIZABETH STREET,TOWANDA,PA,18848,(888) 841-6546
C86,KITTANNING PA,HIGHLAND BUS.CTR STE 1,159 BUTLER RD,KITTANNING,PA,16201,(877) 255-1372
C89,PETERSBURG WV,SUITE 3,111 S GROVE ST,PETERSBURG,WV,26847,(877) 405-2885
C90,MEMPHIS NORTH TN,,3602 AUSTIN PEAY HWY,MEMPHIS,TN,38128,(855) 420-8557
C91,CORDELE GA,,510 E 15TH AVE,CORDELE,GA,31015,(888) 225-8869
C92,WARNER ROBINS GA,,220 CARL VINSON PKWY,WARNER ROBINS,GA,31088,(866) 931-7084
C93,WALTERBORO SC,,502 ROBERTSON BLVD,WALTERBORO,SC,29488,(866) 708-2810
C94,ATHENS TN,,921 CONGRESS PKWY N,ATHENS,TN,37303,(866) 964-7431
C95,TIFTON GA,,732 2ND ST W,TIFTON,GA,31794,(877) 635-3542
C96,COVINGTON GA,,9180 COVINGTON BY PASS RD,COVINGTON,GA,30014,(877) 873-9106
C97,FOREST MS,,558 DEER FIELD DRIVE,FOREST,MS,39074,(866) 829-2497
D00,SELMER TN,,661 MULBERRY AVE,SELMER,TN,38375,(888) 397-4814
D01,ASHEBORO NC,SUITE K,157 DUBLIN SQUARE RD,ASHEBORO,NC,27203,(888) 472-6119
D02,STARKVILLE MS,,1089C STARK RD,STARKVILLE,MS,39759,(800) 305-6919
D04,WEST FRANKFORT,,1005 FACTORY OUTLET DR,WEST FRANKFORT,IL,62896,(888) 223-8869
D05,AUBURN IN,,1240 SOUTH GRANDSTAFF DR,AUBURN,IN,46706,(866) 829-2170
D06,ALEXANDRIA MN,SUITE 701,2633 JEFFERSON ST,ALEXANDRIA,MN,56308,(888) 224-8869
D08,MILW-WEST WI,,5020 W NORTH AVE,MILWAUKEE,WI,53208,(866) 716-8594
D09,LIVONIA MI,,34010 PLYMOUTH ROAD,LIVONIA,MI,48150,(866) 964-7371
D12,GALLIPOLIS OH,,2455 STATE ROUTE 160,GALLIPOLIS,OH,45631,(888) 397-6343
D13,FREMONT OH,,2220 ENTERPRISE STREET,FREMONT,OH,43420,(866) 614-4760
D14,STERLING HEIGHTS,,7385 TRIANGLE DRIVE,STERLING HEIGHTS,MI,48314,(888) 619-4768
D15,LAWRENCE KS,STE 200,1440 WAKARUSA,LAWRENCE,KS,66049,(866) 698-2561
D18,ST TAMMANY LA,,64285 HIGHWAY 434,LACOMBE,LA,70445,(866) 887-8997
D20,WAXAHACHIE TX,,100 DEAN BOX DRIVE,WAXAHACHIE,TX,75165,(866) 563-1912
D21,DURANT OK,,121 S 12TH AVE,DURANT,OK,74701,(866) 495-0042
D22,FERGUS FALLS MN,,1023 W LINCOLN AVE,FERGUS FALLS,MN,56537,(877) 402-0827
D24,AURORA CO,SUITE 250,14280 E JEWELL AVE,AURORA,CO,80012,(866) 931-9965
D26,MONTROSE CO,,1805 PAVILION DR,MONTROSE,CO,81401,(866) 758-1317
D28,SOUTH JORDAN,,10138 S JORDAN GTWY,SOUTH JORDAN,UT,84095,(866) 690-1947
D29,CANON CITY CO,,115 N 10TH ST,CANON CITY,CO,81212,(866) 272-5728
D31,SHERIDAN WY,,2268 N MAIN ST,SHERIDAN,WY,82801,(866) 530-7798
D33,YANKTON SD,SUITE 2,1818 BROADWAY AVE,YANKTON,SD,57078,(877) 405-3522
D34,REDWOOD CITY CA,2ND FLOOR,601 ALLERTON ST,REDWOOD CITY,CA,94063,(888) 860-5582
D35,AUBURN CA,,11855 EDGEWOOD RD,AUBURN,CA,95603,(866) 931-6087
D36,GARDEN GROVE CA,,11900 GILBERT ST,GARDEN GROVE,CA,92841,(877) 669-3115
D38,CAMPBELL CA,,770 W HAMILTON AVE,CAMPBELL,CA,95008,(866) 348-5832
D39,BREA CA,SUITE 150 1ST FLOOR,3230 E IMPERIAL HWY,BREA,CA,92821,(866) 593-2757
D41,KEARNY MESA CA,,8505 AERO DR,SAN DIEGO,CA,92123,(866) 331-6397
D44,WILSHIRE CENTER,WILSHIRE CENTER,4000 WILSHIRE BLVD,LOS ANGELES,CA,90010,(866) 964-7592
D46,ALHAMBRA CA,,900 S GARFIELD AVE,ALHAMBRA,CA,91801,(866) 227-6561
D47,SUISUN CITY CA,SUITE 220,700 MAIN STREET,SUISUN CITY,CA,94585,(866) 964-5021
D48,SAN LEANDRO CA,,320 DAVIS STREET,SAN LEANDRO,CA,94577,(866) 331-2181
D49,NORTH LAS VEGAS NV,,4340 SIMMONS STREET,NORTH LAS VEGAS,NV,89032,(866) 614-9667
D50,MT VERNON WA,SUITE A,710 E COLLEGE WAY,MT VERNON,WA,98273,(866) 931-7108
D51,PUYALLUP WA,SUITE A,811 SOUTH HILL PARK DR,PUYALLUP,WA,98373,(855) 886-9627
D52,WARRENTON OR,STE 104,1479 SE DISCOVERY LN,WARRENTON,OR,97146,(877) 840-5743
D53,BEND OR,SUITE 201,250 NW FRANKLIN AVE,BEND,OR,97703,(877) 405-0302
D54,CENTRALIA WA,STE 100,1821 COOKS HILL RD,CENTRALIA,WA,98531,(855) 848-7942
D55,LYNNWOOD WA,SUITE 207,18905 33RD AVE W,LYNNWOOD,WA,98036,(877) 575-5197
D57,CANARSIE NY,,1871 ROCKAWAY PARKWAY,BROOKLYN,NY,11236,(866) 667-7342
D58,HYLAN BLVD NY,2ND FLOOR,1510 HYLAN BLVD,STATEN ISLAND,NY,10305,(877) 457-1736
D59,BELLEVILLE IL,LAKE CHRISTINE CENTER,1670 LEBANON AVE,BELLEVILLE,IL,62221,(877) 405-0471
D60,INDIANAPOLIS NORTHWEST,,6745 NETWORK PL,INDIANAPOLIS,IN,46278,(866) 218-2309
D61,MERRILLVILLE IN,,1438 E 85TH AVE,MERRILLVILLE,IN,46410,(877) 692-3142
D62,COLUMBUS EAST,,220 S HAMILTON RD,COLUMBUS,OH,43213,(866) 592-0733
D63,COLUMBUS NORTH,,1051 WORTHINGTON WOODS,WORTHINGTON,OH,43085,(866) 789-0957
D64,HOUSTON DOWNTOWN TX (AREA SUPPORT UNIT),AREA SUPPORT UNIT,8989 LAKES AT 610 DR,HOUSTON,TX,77054,(866) 593-2846
D68,JACKSON AL,,4249 N COLLEGE AVE,JACKSON,AL,36545,(877) 476-4484
D77,SIKESTON MO,,711 YORK DR,SIKESTON,MO,63801,(866) 964-4261
D79,ST CROIX VI,4094 DIAMOND RUBY,SUITE 4,CHRISTIANSTED,VI,00820,(866) 209-0446
D80,JACKSON KY,,850 HWY 15 N,JACKSON,KY,41339,(866) 366-4920
D81,LEESVILLE LA,,2100 SARTOR ST,LEESVILLE,LA,71446,(888) 577-6906
D89,WILLIAMSON WV,,146 EAST FIRST AVE,WILLIAMSON,WV,25661,(888) 759-3920
D92,BOZEMAN MT,,3205 N 27TH AVENUE,BOZEMAN,MT,59718,(877) 405-5473
E00,NORTH FLINT MI,,2021 W. CARPENTER RD,FLINT,MI,48505,(877) 748-9766
E02,SAIPAN MP,MH II BLDG SUITE 201,MARINA HEIGHTS BUSINESS PARK,SAIPAN,MP,96950,(855) 616-6449
E05,BACK OF THE YARDS,,4631 S ASHLAND AVE,CHICAGO,IL,60609,(877) 897-0608
E08,SOUTHEAST FRESNO CA,,5140 E OLIVE AVE,FRESNO,CA,93727,(866) 366-4918
E21,BRICK NJ,,2620 YORKTOWNE BLVD,BRICK,NJ,08723,(877) 405-5870
E24,EL PASO DOWNTOWN TX,,600 TEXAS AVE,EL PASO,TX,79901,(866) 964-6229
E26,GREENFIELD WI,,8455 W LAYTON AVE,GREENFIELD,WI,53228,(877) 600-2856
E27,OROVILLE CA,,115 TABLE MOUNTAIN BL,OROVILLE,CA,95965,(866) 331-7130
E28,NORTH SACRAMENTO,SUITE 200,2424 ARDEN WAY,SACRAMENTO,CA,95825,(855) 782-9153
E29,WEST SACRAMENTO CA,STE 1000,825 RIVERSIDE PARKWAY,WEST SACRAMENTO,CA,95605,(866) 726-8136
E31,GLENDORA CA,,1165 E ROUTE 66,GLENDORA,CA,91740,(866) 964-6045
E32,POTEAU OK,,1306 TARBY RD,POTEAU,OK,74953,(877) 405-7697
E35,FORT WORTH SOUTH TX,,2901 ALTAMESA BLVD,FORT WORTH,TX,76133,(866) 613-2745
E36,BATON ROUGE NORTH LA,,4332 HARDING BLVD,BATON ROUGE,LA,70807,(888) 487-0143
E37,SHERWOOD AR,,3608 EAST KIEHL AVE,SHERWOOD,AR,72120,(877) 512-3854
E39,INDIO CA,,46845 MONROE STREET,INDIO,CA,92201,(877) 319-5758
E41,SAN JOSE SOUTH,,6140 COTTLE ROAD,SAN JOSE,CA,95123,(888) 383-1180
E44,SAN MARCOS TX,SUITE 200,900 BUGG LANE,SAN MARCOS,TX,78666,(866) 388-8515
E45,GEORGETOWN TX,3010 WILLIAMS DR,SUITE 150,GEORGETOWN,TX,78628,(877) 531-4699
E63,POSTAL PLAZA DC,POSTAL PLAZA SHPG CTR,1905-B 9TH ST NE,WASHINGTON,DC,20018,(866) 737-4470
E64,DALLAS PLEASANT GROVE,,2300 DUNSON DR,BALCH SPRINGS,TX,75180,(855) 531-1683
E65,COLUMBUS WEST,,1060 GEORGESVILLE ROAD,COLUMBUS,OH,43228,(866) 656-0178
E69,VIDALIA GA,,104 W THIRD ST,VIDALIA,GA,30474,(866) 931-2518
E72,GREECE NY,2ND FLOOR,4050 W RIDGE RD,ROCHESTER,NY,14626,(866) 331-2204
E76,ST LOUIS NORTH COUNTY,,11753 W FLORISSANT AVE,FLORISSANT,MO,63033,(866) 931-2871
E77,ROSEVILLE CA,,910 CIRBY WAY,ROSEVILLE,CA,95661,(866) 348-7830
E78,PLACERVILLE CA,SUITE A,3916 MISSOURI FLAT RD,PLACERVILLE,CA,95667,(877) 545-5497
E79,SOUTH SACRAMENTO CA,,40 MASSIE CIRCLE,SACRAMENTO,CA,95823,(866) 708-3208
E98,COCOA FL,,310 CANAVERAL GROVES,COCOA,FL,32926,(866) 964-0798
I15,NEWNAN GA,SUITE B,246 BULLSBORO DR,NEWNAN,GA,30263,(855) 863-3561
I60,SHOW LOW AZ,,2500 E COOLEY  STE 407,SHOW LOW,AZ,85901,(877) 850-7831
